task,stage,pairing_definition,pair_side,stimulus_category,stimulus,n
Age,Congruent,"Old people/Bad,Young people/Good",Old people/Bad,Bad,Abuse,70356
Age,Congruent,"Old people/Bad,Young people/Good",Old people/Bad,Bad,Angry,69885
Age,Congruent,"Old people/Bad,Young people/Good",Old people/Bad,Bad,Annoy,70140
Age,Congruent,"Old people/Bad,Young people/Good",Old people/Bad,Bad,Awful,69877
Age,Congruent,"Old people/Bad,Young people/Good",Old people/Bad,Bad,Bothersome,70303
Age,Congruent,"Old people/Bad,Young people/Good",Old people/Bad,Bad,Despise,70116
Age,Congruent,"Old people/Bad,Young people/Good",Old people/Bad,Bad,Detest,70742
Age,Congruent,"Old people/Bad,Young people/Good",Old people/Bad,Bad,Dirty,69737
Age,Congruent,"Old people/Bad,Young people/Good",Old people/Bad,Bad,Disaster,69839
Age,Congruent,"Old people/Bad,Young people/Good",Old people/Bad,Bad,Disgust,69966
Age,Congruent,"Old people/Bad,Young people/Good",Old people/Bad,Bad,Evil,70375
Age,Congruent,"Old people/Bad,Young people/Good",Old people/Bad,Bad,Failure,70329
Age,Congruent,"Old people/Bad,Young people/Good",Old people/Bad,Bad,Grief,70546
Age,Congruent,"Old people/Bad,Young people/Good",Old people/Bad,Bad,Gross,69782
Age,Congruent,"Old people/Bad,Young people/Good",Old people/Bad,Bad,Hate,70808
Age,Congruent,"Old people/Bad,Young people/Good",Old people/Bad,Bad,Hatred,69902
Age,Congruent,"Old people/Bad,Young people/Good",Old people/Bad,Bad,Horrible,70262
Age,Congruent,"Old people/Bad,Young people/Good",Old people/Bad,Bad,Horrific,69308
Age,Congruent,"Old people/Bad,Young people/Good",Old people/Bad,Bad,Humiliate,70313
Age,Congruent,"Old people/Bad,Young people/Good",Old people/Bad,Bad,Hurtful,70193
Age,Congruent,"Old people/Bad,Young people/Good",Old people/Bad,Bad,Nasty,69541
Age,Congruent,"Old people/Bad,Young people/Good",Old people/Bad,Bad,Negative,70054
Age,Congruent,"Old people/Bad,Young people/Good",Old people/Bad,Bad,Pain,70383
Age,Congruent,"Old people/Bad,Young people/Good",Old people/Bad,Bad,Poison,70354
Age,Congruent,"Old people/Bad,Young people/Good",Old people/Bad,Bad,Rotten,69535
Age,Congruent,"Old people/Bad,Young people/Good",Old people/Bad,Bad,Sadness,70355
Age,Congruent,"Old people/Bad,Young people/Good",Old people/Bad,Bad,Scorn,70499
Age,Congruent,"Old people/Bad,Young people/Good",Old people/Bad,Bad,Selfish,70045
Age,Congruent,"Old people/Bad,Young people/Good",Old people/Bad,Bad,Sickening,69989
Age,Congruent,"Old people/Bad,Young people/Good",Old people/Bad,Bad,Tragic,70266
Age,Congruent,"Old people/Bad,Young people/Good",Old people/Bad,Bad,Ugly,70018
Age,Congruent,"Old people/Bad,Young people/Good",Old people/Bad,Bad,Yucky,70208
Age,Congruent,"Old people/Bad,Young people/Good",Old people/Bad,Old people,of1.jpg,374413
Age,Congruent,"Old people/Bad,Young people/Good",Old people/Bad,Old people,of2.jpg,374665
Age,Congruent,"Old people/Bad,Young people/Good",Old people/Bad,Old people,of3.jpg,374154
Age,Congruent,"Old people/Bad,Young people/Good",Old people/Bad,Old people,om1.jpg,374349
Age,Congruent,"Old people/Bad,Young people/Good",Old people/Bad,Old people,om2.jpg,374159
Age,Congruent,"Old people/Bad,Young people/Good",Old people/Bad,Old people,om3.jpg,374042
Age,Congruent,"Old people/Bad,Young people/Good",Young people/Good,Good,Adore,70406
Age,Congruent,"Old people/Bad,Young people/Good",Young people/Good,Good,Appealing,70677
Age,Congruent,"Old people/Bad,Young people/Good",Young people/Good,Good,Attractive,69980
Age,Congruent,"Old people/Bad,Young people/Good",Young people/Good,Good,Beautiful,70570
Age,Congruent,"Old people/Bad,Young people/Good",Young people/Good,Good,Celebrate,69720
Age,Congruent,"Old people/Bad,Young people/Good",Young people/Good,Good,Cheer,70387
Age,Congruent,"Old people/Bad,Young people/Good",Young people/Good,Good,Cheerful,70320
Age,Congruent,"Old people/Bad,Young people/Good",Young people/Good,Good,Cherish,69869
Age,Congruent,"Old people/Bad,Young people/Good",Young people/Good,Good,Delight,70143
Age,Congruent,"Old people/Bad,Young people/Good",Young people/Good,Good,Delightful,70540
Age,Congruent,"Old people/Bad,Young people/Good",Young people/Good,Good,Enjoy,69887
Age,Congruent,"Old people/Bad,Young people/Good",Young people/Good,Good,Excellent,70309
Age,Congruent,"Old people/Bad,Young people/Good",Young people/Good,Good,Excitement,70639
Age,Congruent,"Old people/Bad,Young people/Good",Young people/Good,Good,Fabulous,69846
Age,Congruent,"Old people/Bad,Young people/Good",Young people/Good,Good,Fantastic,70101
Age,Congruent,"Old people/Bad,Young people/Good",Young people/Good,Good,Friend,70235
Age,Congruent,"Old people/Bad,Young people/Good",Young people/Good,Good,Friendship,70147
Age,Congruent,"Old people/Bad,Young people/Good",Young people/Good,Good,Glad,69899
Age,Congruent,"Old people/Bad,Young people/Good",Young people/Good,Good,Glorious,69826
Age,Congruent,"Old people/Bad,Young people/Good",Young people/Good,Good,Happy,69654
Age,Congruent,"Old people/Bad,Young people/Good",Young people/Good,Good,Joyful,70132
Age,Congruent,"Old people/Bad,Young people/Good",Young people/Good,Good,Joyous,70425
Age,Congruent,"Old people/Bad,Young people/Good",Young people/Good,Good,Laughing,69803
Age,Congruent,"Old people/Bad,Young people/Good",Young people/Good,Good,Love,69738
Age,Congruent,"Old people/Bad,Young people/Good",Young people/Good,Good,Lovely,69819
Age,Congruent,"Old people/Bad,Young people/Good",Young people/Good,Good,Magnificent,69841
Age,Congruent,"Old people/Bad,Young people/Good",Young people/Good,Good,Pleasing,70466
Age,Congruent,"Old people/Bad,Young people/Good",Young people/Good,Good,Pleasure,69767
Age,Congruent,"Old people/Bad,Young people/Good",Young people/Good,Good,Smiling,70096
Age,Congruent,"Old people/Bad,Young people/Good",Young people/Good,Good,Spectacular,69796
Age,Congruent,"Old people/Bad,Young people/Good",Young people/Good,Good,Terrific,69778
Age,Congruent,"Old people/Bad,Young people/Good",Young people/Good,Good,Triumph,70404
Age,Congruent,"Old people/Bad,Young people/Good",Young people/Good,Young people,yf1.jpg,374093
Age,Congruent,"Old people/Bad,Young people/Good",Young people/Good,Young people,yf2.jpg,374190
Age,Congruent,"Old people/Bad,Young people/Good",Young people/Good,Young people,yf3.jpg,374402
Age,Congruent,"Old people/Bad,Young people/Good",Young people/Good,Young people,ym1.jpg,374020
Age,Congruent,"Old people/Bad,Young people/Good",Young people/Good,Young people,ym2.jpg,374101
Age,Congruent,"Old people/Bad,Young people/Good",Young people/Good,Young people,ym3.jpg,374416
Age,Incongruent,"Young people/Bad,Old people/Good",Old people/Good,Good,Adore,70019
Age,Incongruent,"Young people/Bad,Old people/Good",Old people/Good,Good,Appealing,70168
Age,Incongruent,"Young people/Bad,Old people/Good",Old people/Good,Good,Attractive,69799
Age,Incongruent,"Young people/Bad,Old people/Good",Old people/Good,Good,Beautiful,70440
Age,Incongruent,"Young people/Bad,Old people/Good",Old people/Good,Good,Celebrate,69246
Age,Incongruent,"Young people/Bad,Old people/Good",Old people/Good,Good,Cheer,70203
Age,Incongruent,"Young people/Bad,Old people/Good",Old people/Good,Good,Cheerful,70073
Age,Incongruent,"Young people/Bad,Old people/Good",Old people/Good,Good,Cherish,69488
Age,Incongruent,"Young people/Bad,Old people/Good",Old people/Good,Good,Delight,69501
Age,Incongruent,"Young people/Bad,Old people/Good",Old people/Good,Good,Delightful,70222
Age,Incongruent,"Young people/Bad,Old people/Good",Old people/Good,Good,Enjoy,69605
Age,Incongruent,"Young people/Bad,Old people/Good",Old people/Good,Good,Excellent,69688
Age,Incongruent,"Young people/Bad,Old people/Good",Old people/Good,Good,Excitement,70281
Age,Incongruent,"Young people/Bad,Old people/Good",Old people/Good,Good,Fabulous,69582
Age,Incongruent,"Young people/Bad,Old people/Good",Old people/Good,Good,Fantastic,69470
Age,Incongruent,"Young people/Bad,Old people/Good",Old people/Good,Good,Friend,70283
Age,Incongruent,"Young people/Bad,Old people/Good",Old people/Good,Good,Friendship,69860
Age,Incongruent,"Young people/Bad,Old people/Good",Old people/Good,Good,Glad,69436
Age,Incongruent,"Young people/Bad,Old people/Good",Old people/Good,Good,Glorious,69101
Age,Incongruent,"Young people/Bad,Old people/Good",Old people/Good,Good,Happy,69490
Age,Incongruent,"Young people/Bad,Old people/Good",Old people/Good,Good,Joyful,69539
Age,Incongruent,"Young people/Bad,Old people/Good",Old people/Good,Good,Joyous,70167
Age,Incongruent,"Young people/Bad,Old people/Good",Old people/Good,Good,Laughing,69552
Age,Incongruent,"Young people/Bad,Old people/Good",Old people/Good,Good,Love,69105
Age,Incongruent,"Young people/Bad,Old people/Good",Old people/Good,Good,Lovely,69472
Age,Incongruent,"Young people/Bad,Old people/Good",Old people/Good,Good,Magnificent,69594
Age,Incongruent,"Young people/Bad,Old people/Good",Old people/Good,Good,Pleasing,70212
Age,Incongruent,"Young people/Bad,Old people/Good",Old people/Good,Good,Pleasure,69329
Age,Incongruent,"Young people/Bad,Old people/Good",Old people/Good,Good,Smiling,69523
Age,Incongruent,"Young people/Bad,Old people/Good",Old people/Good,Good,Spectacular,69347
Age,Incongruent,"Young people/Bad,Old people/Good",Old people/Good,Good,Terrific,69203
Age,Incongruent,"Young people/Bad,Old people/Good",Old people/Good,Good,Triumph,69953
Age,Incongruent,"Young people/Bad,Old people/Good",Old people/Good,Old people,of1.jpg,371638
Age,Incongruent,"Young people/Bad,Old people/Good",Old people/Good,Old people,of2.jpg,372324
Age,Incongruent,"Young people/Bad,Old people/Good",Old people/Good,Old people,of3.jpg,372250
Age,Incongruent,"Young people/Bad,Old people/Good",Old people/Good,Old people,om1.jpg,371878
Age,Incongruent,"Young people/Bad,Old people/Good",Old people/Good,Old people,om2.jpg,372322
Age,Incongruent,"Young people/Bad,Old people/Good",Old people/Good,Old people,om3.jpg,372289
Age,Incongruent,"Young people/Bad,Old people/Good",Young people/Bad,Bad,Abuse,69975
Age,Incongruent,"Young people/Bad,Old people/Good",Young people/Bad,Bad,Angry,69595
Age,Incongruent,"Young people/Bad,Old people/Good",Young people/Bad,Bad,Annoy,69700
Age,Incongruent,"Young people/Bad,Old people/Good",Young people/Bad,Bad,Awful,69643
Age,Incongruent,"Young people/Bad,Old people/Good",Young people/Bad,Bad,Bothersome,69898
Age,Incongruent,"Young people/Bad,Old people/Good",Young people/Bad,Bad,Despise,69999
Age,Incongruent,"Young people/Bad,Old people/Good",Young people/Bad,Bad,Detest,70029
Age,Incongruent,"Young people/Bad,Old people/Good",Young people/Bad,Bad,Dirty,69219
Age,Incongruent,"Young people/Bad,Old people/Good",Young people/Bad,Bad,Disaster,69455
Age,Incongruent,"Young people/Bad,Old people/Good",Young people/Bad,Bad,Disgust,69747
Age,Incongruent,"Young people/Bad,Old people/Good",Young people/Bad,Bad,Evil,69757
Age,Incongruent,"Young people/Bad,Old people/Good",Young people/Bad,Bad,Failure,69827
Age,Incongruent,"Young people/Bad,Old people/Good",Young people/Bad,Bad,Grief,69953
Age,Incongruent,"Young people/Bad,Old people/Good",Young people/Bad,Bad,Gross,69632
Age,Incongruent,"Young people/Bad,Old people/Good",Young people/Bad,Bad,Hate,70465
Age,Incongruent,"Young people/Bad,Old people/Good",Young people/Bad,Bad,Hatred,69573
Age,Incongruent,"Young people/Bad,Old people/Good",Young people/Bad,Bad,Horrible,69793
Age,Incongruent,"Young people/Bad,Old people/Good",Young people/Bad,Bad,Horrific,69109
Age,Incongruent,"Young people/Bad,Old people/Good",Young people/Bad,Bad,Humiliate,69972
Age,Incongruent,"Young people/Bad,Old people/Good",Young people/Bad,Bad,Hurtful,69836
Age,Incongruent,"Young people/Bad,Old people/Good",Young people/Bad,Bad,Nasty,69472
Age,Incongruent,"Young people/Bad,Old people/Good",Young people/Bad,Bad,Negative,69538
Age,Incongruent,"Young people/Bad,Old people/Good",Young people/Bad,Bad,Pain,69889
Age,Incongruent,"Young people/Bad,Old people/Good",Young people/Bad,Bad,Poison,70217
Age,Incongruent,"Young people/Bad,Old people/Good",Young people/Bad,Bad,Rotten,69260
Age,Incongruent,"Young people/Bad,Old people/Good",Young people/Bad,Bad,Sadness,69958
Age,Incongruent,"Young people/Bad,Old people/Good",Young people/Bad,Bad,Scorn,70321
Age,Incongruent,"Young people/Bad,Old people/Good",Young people/Bad,Bad,Selfish,69600
Age,Incongruent,"Young people/Bad,Old people/Good",Young people/Bad,Bad,Sickening,69613
Age,Incongruent,"Young people/Bad,Old people/Good",Young people/Bad,Bad,Tragic,69766
Age,Incongruent,"Young people/Bad,Old people/Good",Young people/Bad,Bad,Ugly,69497
Age,Incongruent,"Young people/Bad,Old people/Good",Young people/Bad,Bad,Yucky,69864
Age,Incongruent,"Young people/Bad,Old people/Good",Young people/Bad,Young people,yf1.jpg,372156
Age,Incongruent,"Young people/Bad,Old people/Good",Young people/Bad,Young people,yf2.jpg,372137
Age,Incongruent,"Young people/Bad,Old people/Good",Young people/Bad,Young people,yf3.jpg,372302
Age,Incongruent,"Young people/Bad,Old people/Good",Young people/Bad,Young people,ym1.jpg,372341
Age,Incongruent,"Young people/Bad,Old people/Good",Young people/Bad,Young people,ym2.jpg,371721
Age,Incongruent,"Young people/Bad,Old people/Good",Young people/Bad,Young people,ym3.jpg,372375
Gender--Science,Congruent,"Science/Male,Liberal Arts/Female",Liberal Arts/Female,Female,Aunt,250145
Gender--Science,Congruent,"Science/Male,Liberal Arts/Female",Liberal Arts/Female,Female,Daughter,249869
Gender--Science,Congruent,"Science/Male,Liberal Arts/Female",Liberal Arts/Female,Female,Female,250320
Gender--Science,Congruent,"Science/Male,Liberal Arts/Female",Liberal Arts/Female,Female,Girl,250044
Gender--Science,Congruent,"Science/Male,Liberal Arts/Female",Liberal Arts/Female,Female,Grandma,249973
Gender--Science,Congruent,"Science/Male,Liberal Arts/Female",Liberal Arts/Female,Female,Mother,250186
Gender--Science,Congruent,"Science/Male,Liberal Arts/Female",Liberal Arts/Female,Female,Wife,250151
Gender--Science,Congruent,"Science/Male,Liberal Arts/Female",Liberal Arts/Female,Female,Woman,249847
Gender--Science,Congruent,"Science/Male,Liberal Arts/Female",Liberal Arts/Female,Liberal Arts,Arts,285833
Gender--Science,Congruent,"Science/Male,Liberal Arts/Female",Liberal Arts/Female,Liberal Arts,English,286065
Gender--Science,Congruent,"Science/Male,Liberal Arts/Female",Liberal Arts/Female,Liberal Arts,History,286510
Gender--Science,Congruent,"Science/Male,Liberal Arts/Female",Liberal Arts/Female,Liberal Arts,Humanities,286273
Gender--Science,Congruent,"Science/Male,Liberal Arts/Female",Liberal Arts/Female,Liberal Arts,Literature,285846
Gender--Science,Congruent,"Science/Male,Liberal Arts/Female",Liberal Arts/Female,Liberal Arts,Music,286011
Gender--Science,Congruent,"Science/Male,Liberal Arts/Female",Liberal Arts/Female,Liberal Arts,Philosophy,285391
Gender--Science,Congruent,"Science/Male,Liberal Arts/Female",Science/Male,Male,Boy,250076
Gender--Science,Congruent,"Science/Male,Liberal Arts/Female",Science/Male,Male,Father,250370
Gender--Science,Congruent,"Science/Male,Liberal Arts/Female",Science/Male,Male,Grandpa,250441
Gender--Science,Congruent,"Science/Male,Liberal Arts/Female",Science/Male,Male,Husband,250081
Gender--Science,Congruent,"Science/Male,Liberal Arts/Female",Science/Male,Male,Male,249834
Gender--Science,Congruent,"Science/Male,Liberal Arts/Female",Science/Male,Male,Man,250235
Gender--Science,Congruent,"Science/Male,Liberal Arts/Female",Science/Male,Male,Son,250079
Gender--Science,Congruent,"Science/Male,Liberal Arts/Female",Science/Male,Male,Uncle,250233
Gender--Science,Congruent,"Science/Male,Liberal Arts/Female",Science/Male,Science,Astronomy,286465
Gender--Science,Congruent,"Science/Male,Liberal Arts/Female",Science/Male,Science,Biology,285938
Gender--Science,Congruent,"Science/Male,Liberal Arts/Female",Science/Male,Science,Chemistry,286455
Gender--Science,Congruent,"Science/Male,Liberal Arts/Female",Science/Male,Science,Engineering,285833
Gender--Science,Congruent,"Science/Male,Liberal Arts/Female",Science/Male,Science,Geology,285947
Gender--Science,Congruent,"Science/Male,Liberal Arts/Female",Science/Male,Science,Math,285863
Gender--Science,Congruent,"Science/Male,Liberal Arts/Female",Science/Male,Science,Physics,285905
Gender--Science,Incongruent,"Liberal Arts/Male,Science/Female",Liberal Arts/Male,Liberal Arts,Arts,284719
Gender--Science,Incongruent,"Liberal Arts/Male,Science/Female",Liberal Arts/Male,Liberal Arts,English,284550
Gender--Science,Incongruent,"Liberal Arts/Male,Science/Female",Liberal Arts/Male,Liberal Arts,History,284759
Gender--Science,Incongruent,"Liberal Arts/Male,Science/Female",Liberal Arts/Male,Liberal Arts,Humanities,284683
Gender--Science,Incongruent,"Liberal Arts/Male,Science/Female",Liberal Arts/Male,Liberal Arts,Literature,284921
Gender--Science,Incongruent,"Liberal Arts/Male,Science/Female",Liberal Arts/Male,Liberal Arts,Music,285015
Gender--Science,Incongruent,"Liberal Arts/Male,Science/Female",Liberal Arts/Male,Liberal Arts,Philosophy,284820
Gender--Science,Incongruent,"Liberal Arts/Male,Science/Female",Liberal Arts/Male,Male,Boy,249442
Gender--Science,Incongruent,"Liberal Arts/Male,Science/Female",Liberal Arts/Male,Male,Father,249490
Gender--Science,Incongruent,"Liberal Arts/Male,Science/Female",Liberal Arts/Male,Male,Grandpa,248762
Gender--Science,Incongruent,"Liberal Arts/Male,Science/Female",Liberal Arts/Male,Male,Husband,249206
Gender--Science,Incongruent,"Liberal Arts/Male,Science/Female",Liberal Arts/Male,Male,Male,249202
Gender--Science,Incongruent,"Liberal Arts/Male,Science/Female",Liberal Arts/Male,Male,Man,249039
Gender--Science,Incongruent,"Liberal Arts/Male,Science/Female",Liberal Arts/Male,Male,Son,249209
Gender--Science,Incongruent,"Liberal Arts/Male,Science/Female",Liberal Arts/Male,Male,Uncle,249218
Gender--Science,Incongruent,"Liberal Arts/Male,Science/Female",Science/Female,Female,Aunt,248878
Gender--Science,Incongruent,"Liberal Arts/Male,Science/Female",Science/Female,Female,Daughter,248960
Gender--Science,Incongruent,"Liberal Arts/Male,Science/Female",Science/Female,Female,Female,249033
Gender--Science,Incongruent,"Liberal Arts/Male,Science/Female",Science/Female,Female,Girl,249064
Gender--Science,Incongruent,"Liberal Arts/Male,Science/Female",Science/Female,Female,Grandma,249336
Gender--Science,Incongruent,"Liberal Arts/Male,Science/Female",Science/Female,Female,Mother,248876
Gender--Science,Incongruent,"Liberal Arts/Male,Science/Female",Science/Female,Female,Wife,248979
Gender--Science,Incongruent,"Liberal Arts/Male,Science/Female",Science/Female,Female,Woman,249266
Gender--Science,Incongruent,"Liberal Arts/Male,Science/Female",Science/Female,Science,Astronomy,284459
Gender--Science,Incongruent,"Liberal Arts/Male,Science/Female",Science/Female,Science,Biology,284743
Gender--Science,Incongruent,"Liberal Arts/Male,Science/Female",Science/Female,Science,Chemistry,284281
Gender--Science,Incongruent,"Liberal Arts/Male,Science/Female",Science/Female,Science,Engineering,284748
Gender--Science,Incongruent,"Liberal Arts/Male,Science/Female",Science/Female,Science,Geology,284715
Gender--Science,Incongruent,"Liberal Arts/Male,Science/Female",Science/Female,Science,Math,284847
Gender--Science,Incongruent,"Liberal Arts/Male,Science/Female",Science/Female,Science,Physics,285168
Life-satisfaction IAT,Congruent,"EU ou VERDADEIRO,NÃO-EU ou FALSO",EU/VERDADEIRO vs NAO-EU/FALSO,life-satisfaction statement,Consegui o que eu queria na minha vida,180
Life-satisfaction IAT,Congruent,"EU ou VERDADEIRO,NÃO-EU ou FALSO",EU/VERDADEIRO vs NAO-EU/FALSO,life-satisfaction statement,Minha vida está bem perto do meu ideal,180
Life-satisfaction IAT,Congruent,"EU ou VERDADEIRO,NÃO-EU ou FALSO",EU/VERDADEIRO vs NAO-EU/FALSO,life-satisfaction statement,Minha vida está em condições ótimas,180
Life-satisfaction IAT,Congruent,"EU ou VERDADEIRO,NÃO-EU ou FALSO",EU/VERDADEIRO vs NAO-EU/FALSO,life-satisfaction statement,Minha vida não está em condições ótimas,180
Life-satisfaction IAT,Congruent,"EU ou VERDADEIRO,NÃO-EU ou FALSO",EU/VERDADEIRO vs NAO-EU/FALSO,life-satisfaction statement,Minha vida não está perto do meu ideal,180
Life-satisfaction IAT,Congruent,"EU ou VERDADEIRO,NÃO-EU ou FALSO",EU/VERDADEIRO vs NAO-EU/FALSO,life-satisfaction statement,Mudaria toda a minha vida se eu pudesse,180
Life-satisfaction IAT,Congruent,"EU ou VERDADEIRO,NÃO-EU ou FALSO",EU/VERDADEIRO vs NAO-EU/FALSO,life-satisfaction statement,Não consegui coisas que queria na vida,180
Life-satisfaction IAT,Congruent,"EU ou VERDADEIRO,NÃO-EU ou FALSO",EU/VERDADEIRO vs NAO-EU/FALSO,life-satisfaction statement,Não estou nada satisfeito com minha vida,180
Life-satisfaction IAT,Congruent,"EU ou VERDADEIRO,NÃO-EU ou FALSO",EU/VERDADEIRO vs NAO-EU/FALSO,life-satisfaction statement,"Se pudesse, eu não mudaria a minha vida",180
Life-satisfaction IAT,Congruent,"EU ou VERDADEIRO,NÃO-EU ou FALSO",EU/VERDADEIRO vs NAO-EU/FALSO,life-satisfaction statement,Sou bastante satisfeito com a minha vida,180
Life-satisfaction IAT,Congruent,"EU ou VERDADEIRO,NÃO-EU ou FALSO",EU/VERDADEIRO vs NAO-EU/FALSO,logical-anchor,Estou digitando minhas respostas com um teclado,180
Life-satisfaction IAT,Congruent,"EU ou VERDADEIRO,NÃO-EU ou FALSO",EU/VERDADEIRO vs NAO-EU/FALSO,logical-anchor,Estou digitando minhas respostas com uma lapiseira,180
Life-satisfaction IAT,Congruent,"EU ou VERDADEIRO,NÃO-EU ou FALSO",EU/VERDADEIRO vs NAO-EU/FALSO,logical-anchor,Estou fazendo um teste de matemática,180
Life-satisfaction IAT,Congruent,"EU ou VERDADEIRO,NÃO-EU ou FALSO",EU/VERDADEIRO vs NAO-EU/FALSO,logical-anchor,Estou fazendo um teste de psicologia,180
Life-satisfaction IAT,Congruent,"EU ou VERDADEIRO,NÃO-EU ou FALSO",EU/VERDADEIRO vs NAO-EU/FALSO,logical-anchor,Estou lendo uma frase em irlandês,180
Life-satisfaction IAT,Congruent,"EU ou VERDADEIRO,NÃO-EU ou FALSO",EU/VERDADEIRO vs NAO-EU/FALSO,logical-anchor,Estou lendo uma frase em português,180
Life-satisfaction IAT,Congruent,"EU ou VERDADEIRO,NÃO-EU ou FALSO",EU/VERDADEIRO vs NAO-EU/FALSO,logical-anchor,Estou na frente de um computador,180
Life-satisfaction IAT,Congruent,"EU ou VERDADEIRO,NÃO-EU ou FALSO",EU/VERDADEIRO vs NAO-EU/FALSO,logical-anchor,Estou na frente de uma geladeira,180
Life-satisfaction IAT,Congruent,"EU ou VERDADEIRO,NÃO-EU ou FALSO",EU/VERDADEIRO vs NAO-EU/FALSO,logical-anchor,Estou participando de um experimento,180
Life-satisfaction IAT,Congruent,"EU ou VERDADEIRO,NÃO-EU ou FALSO",EU/VERDADEIRO vs NAO-EU/FALSO,logical-anchor,Estou participando de uma festa,180
Life-satisfaction IAT,Incongruent,"EU ou FALSO,NÃO-EU ou VERDADEIRO",EU/FALSO vs NAO-EU/VERDADEIRO,life-satisfaction statement,Consegui o que eu queria na minha vida,180
Life-satisfaction IAT,Incongruent,"EU ou FALSO,NÃO-EU ou VERDADEIRO",EU/FALSO vs NAO-EU/VERDADEIRO,life-satisfaction statement,Minha vida está bem perto do meu ideal,180
Life-satisfaction IAT,Incongruent,"EU ou FALSO,NÃO-EU ou VERDADEIRO",EU/FALSO vs NAO-EU/VERDADEIRO,life-satisfaction statement,Minha vida está em condições ótimas,180
Life-satisfaction IAT,Incongruent,"EU ou FALSO,NÃO-EU ou VERDADEIRO",EU/FALSO vs NAO-EU/VERDADEIRO,life-satisfaction statement,Minha vida não está em condições ótimas,180
Life-satisfaction IAT,Incongruent,"EU ou FALSO,NÃO-EU ou VERDADEIRO",EU/FALSO vs NAO-EU/VERDADEIRO,life-satisfaction statement,Minha vida não está perto do meu ideal,180
Life-satisfaction IAT,Incongruent,"EU ou FALSO,NÃO-EU ou VERDADEIRO",EU/FALSO vs NAO-EU/VERDADEIRO,life-satisfaction statement,Mudaria toda a minha vida se eu pudesse,180
Life-satisfaction IAT,Incongruent,"EU ou FALSO,NÃO-EU ou VERDADEIRO",EU/FALSO vs NAO-EU/VERDADEIRO,life-satisfaction statement,Não consegui coisas que queria na vida,180
Life-satisfaction IAT,Incongruent,"EU ou FALSO,NÃO-EU ou VERDADEIRO",EU/FALSO vs NAO-EU/VERDADEIRO,life-satisfaction statement,Não estou nada satisfeito com minha vida,180
Life-satisfaction IAT,Incongruent,"EU ou FALSO,NÃO-EU ou VERDADEIRO",EU/FALSO vs NAO-EU/VERDADEIRO,life-satisfaction statement,"Se pudesse, eu não mudaria a minha vida",180
Life-satisfaction IAT,Incongruent,"EU ou FALSO,NÃO-EU ou VERDADEIRO",EU/FALSO vs NAO-EU/VERDADEIRO,life-satisfaction statement,Sou bastante satisfeito com a minha vida,180
Life-satisfaction IAT,Incongruent,"EU ou FALSO,NÃO-EU ou VERDADEIRO",EU/FALSO vs NAO-EU/VERDADEIRO,logical-anchor,Estou digitando minhas respostas com um teclado,180
Life-satisfaction IAT,Incongruent,"EU ou FALSO,NÃO-EU ou VERDADEIRO",EU/FALSO vs NAO-EU/VERDADEIRO,logical-anchor,Estou digitando minhas respostas com uma lapiseira,180
Life-satisfaction IAT,Incongruent,"EU ou FALSO,NÃO-EU ou VERDADEIRO",EU/FALSO vs NAO-EU/VERDADEIRO,logical-anchor,Estou fazendo um teste de matemática,180
Life-satisfaction IAT,Incongruent,"EU ou FALSO,NÃO-EU ou VERDADEIRO",EU/FALSO vs NAO-EU/VERDADEIRO,logical-anchor,Estou fazendo um teste de psicologia,180
Life-satisfaction IAT,Incongruent,"EU ou FALSO,NÃO-EU ou VERDADEIRO",EU/FALSO vs NAO-EU/VERDADEIRO,logical-anchor,Estou lendo uma frase em irlandês,180
Life-satisfaction IAT,Incongruent,"EU ou FALSO,NÃO-EU ou VERDADEIRO",EU/FALSO vs NAO-EU/VERDADEIRO,logical-anchor,Estou lendo uma frase em português,180
Life-satisfaction IAT,Incongruent,"EU ou FALSO,NÃO-EU ou VERDADEIRO",EU/FALSO vs NAO-EU/VERDADEIRO,logical-anchor,Estou na frente de um computador,180
Life-satisfaction IAT,Incongruent,"EU ou FALSO,NÃO-EU ou VERDADEIRO",EU/FALSO vs NAO-EU/VERDADEIRO,logical-anchor,Estou na frente de uma geladeira,180
Life-satisfaction IAT,Incongruent,"EU ou FALSO,NÃO-EU ou VERDADEIRO",EU/FALSO vs NAO-EU/VERDADEIRO,logical-anchor,Estou participando de um experimento,180
Life-satisfaction IAT,Incongruent,"EU ou FALSO,NÃO-EU ou VERDADEIRO",EU/FALSO vs NAO-EU/VERDADEIRO,logical-anchor,Estou participando de uma festa,180
Sexuality,Congruent,"Straight people/Good,Gay people/Bad",Gay people/Bad,Bad,Abuse,93147
Sexuality,Congruent,"Straight people/Good,Gay people/Bad",Gay people/Bad,Bad,Angry,92735
Sexuality,Congruent,"Straight people/Good,Gay people/Bad",Gay people/Bad,Bad,Annoy,92771
Sexuality,Congruent,"Straight people/Good,Gay people/Bad",Gay people/Bad,Bad,Awful,92545
Sexuality,Congruent,"Straight people/Good,Gay people/Bad",Gay people/Bad,Bad,Bothersome,93193
Sexuality,Congruent,"Straight people/Good,Gay people/Bad",Gay people/Bad,Bad,Despise,92374
Sexuality,Congruent,"Straight people/Good,Gay people/Bad",Gay people/Bad,Bad,Detest,93390
Sexuality,Congruent,"Straight people/Good,Gay people/Bad",Gay people/Bad,Bad,Dirty,92867
Sexuality,Congruent,"Straight people/Good,Gay people/Bad",Gay people/Bad,Bad,Disaster,93445
Sexuality,Congruent,"Straight people/Good,Gay people/Bad",Gay people/Bad,Bad,Disgust,93455
Sexuality,Congruent,"Straight people/Good,Gay people/Bad",Gay people/Bad,Bad,Evil,93313
Sexuality,Congruent,"Straight people/Good,Gay people/Bad",Gay people/Bad,Bad,Failure,92360
Sexuality,Congruent,"Straight people/Good,Gay people/Bad",Gay people/Bad,Bad,Grief,92859
Sexuality,Congruent,"Straight people/Good,Gay people/Bad",Gay people/Bad,Bad,Gross,92961
Sexuality,Congruent,"Straight people/Good,Gay people/Bad",Gay people/Bad,Bad,Hate,93028
Sexuality,Congruent,"Straight people/Good,Gay people/Bad",Gay people/Bad,Bad,Hatred,92869
Sexuality,Congruent,"Straight people/Good,Gay people/Bad",Gay people/Bad,Bad,Horrible,92974
Sexuality,Congruent,"Straight people/Good,Gay people/Bad",Gay people/Bad,Bad,Horrific,92718
Sexuality,Congruent,"Straight people/Good,Gay people/Bad",Gay people/Bad,Bad,Humiliate,92911
Sexuality,Congruent,"Straight people/Good,Gay people/Bad",Gay people/Bad,Bad,Hurtful,92603
Sexuality,Congruent,"Straight people/Good,Gay people/Bad",Gay people/Bad,Bad,Nasty,93417
Sexuality,Congruent,"Straight people/Good,Gay people/Bad",Gay people/Bad,Bad,Negative,92909
Sexuality,Congruent,"Straight people/Good,Gay people/Bad",Gay people/Bad,Bad,Pain,93277
Sexuality,Congruent,"Straight people/Good,Gay people/Bad",Gay people/Bad,Bad,Poison,92358
Sexuality,Congruent,"Straight people/Good,Gay people/Bad",Gay people/Bad,Bad,Rotten,93278
Sexuality,Congruent,"Straight people/Good,Gay people/Bad",Gay people/Bad,Bad,Sadness,92282
Sexuality,Congruent,"Straight people/Good,Gay people/Bad",Gay people/Bad,Bad,Scorn,92772
Sexuality,Congruent,"Straight people/Good,Gay people/Bad",Gay people/Bad,Bad,Selfish,93194
Sexuality,Congruent,"Straight people/Good,Gay people/Bad",Gay people/Bad,Bad,Sickening,92986
Sexuality,Congruent,"Straight people/Good,Gay people/Bad",Gay people/Bad,Bad,Tragic,93092
Sexuality,Congruent,"Straight people/Good,Gay people/Bad",Gay people/Bad,Bad,Ugly,92435
Sexuality,Congruent,"Straight people/Good,Gay people/Bad",Gay people/Bad,Bad,Yucky,92835
Sexuality,Congruent,"Straight people/Good,Gay people/Bad",Gay people/Bad,Gay people,05_gay.jpg,396335
Sexuality,Congruent,"Straight people/Good,Gay people/Bad",Gay people/Bad,Gay people,07_lesbian.jpg,396217
Sexuality,Congruent,"Straight people/Good,Gay people/Bad",Gay people/Bad,Gay people,Gay,396517
Sexuality,Congruent,"Straight people/Good,Gay people/Bad",Gay people/Bad,Gay people,Gay Men,198304
Sexuality,Congruent,"Straight people/Good,Gay people/Bad",Gay people/Bad,Gay people,Gay People,594834
Sexuality,Congruent,"Straight people/Good,Gay people/Bad",Gay people/Bad,Gay people,Gay Women,198604
Sexuality,Congruent,"Straight people/Good,Gay people/Bad",Gay people/Bad,Gay people,Homosexual,594466
Sexuality,Congruent,"Straight people/Good,Gay people/Bad",Gay people/Bad,Gay people,Lesbians,198494
Sexuality,Congruent,"Straight people/Good,Gay people/Bad",Straight people/Good,Good,Adore,92462
Sexuality,Congruent,"Straight people/Good,Gay people/Bad",Straight people/Good,Good,Appealing,93270
Sexuality,Congruent,"Straight people/Good,Gay people/Bad",Straight people/Good,Good,Attractive,93111
Sexuality,Congruent,"Straight people/Good,Gay people/Bad",Straight people/Good,Good,Beautiful,92870
Sexuality,Congruent,"Straight people/Good,Gay people/Bad",Straight people/Good,Good,Celebrate,92673
Sexuality,Congruent,"Straight people/Good,Gay people/Bad",Straight people/Good,Good,Cheer,93352
Sexuality,Congruent,"Straight people/Good,Gay people/Bad",Straight people/Good,Good,Cheerful,92810
Sexuality,Congruent,"Straight people/Good,Gay people/Bad",Straight people/Good,Good,Cherish,92935
Sexuality,Congruent,"Straight people/Good,Gay people/Bad",Straight people/Good,Good,Delight,92788
Sexuality,Congruent,"Straight people/Good,Gay people/Bad",Straight people/Good,Good,Delightful,92348
Sexuality,Congruent,"Straight people/Good,Gay people/Bad",Straight people/Good,Good,Enjoy,92613
Sexuality,Congruent,"Straight people/Good,Gay people/Bad",Straight people/Good,Good,Excellent,92821
Sexuality,Congruent,"Straight people/Good,Gay people/Bad",Straight people/Good,Good,Excitement,92500
Sexuality,Congruent,"Straight people/Good,Gay people/Bad",Straight people/Good,Good,Fabulous,93001
Sexuality,Congruent,"Straight people/Good,Gay people/Bad",Straight people/Good,Good,Fantastic,92996
Sexuality,Congruent,"Straight people/Good,Gay people/Bad",Straight people/Good,Good,Friend,92892
Sexuality,Congruent,"Straight people/Good,Gay people/Bad",Straight people/Good,Good,Friendship,92969
Sexuality,Congruent,"Straight people/Good,Gay people/Bad",Straight people/Good,Good,Glad,92505
Sexuality,Congruent,"Straight people/Good,Gay people/Bad",Straight people/Good,Good,Glorious,92891
Sexuality,Congruent,"Straight people/Good,Gay people/Bad",Straight people/Good,Good,Happy,93133
Sexuality,Congruent,"Straight people/Good,Gay people/Bad",Straight people/Good,Good,Joyful,92753
Sexuality,Congruent,"Straight people/Good,Gay people/Bad",Straight people/Good,Good,Joyous,93217
Sexuality,Congruent,"Straight people/Good,Gay people/Bad",Straight people/Good,Good,Laughing,93001
Sexuality,Congruent,"Straight people/Good,Gay people/Bad",Straight people/Good,Good,Love,93165
Sexuality,Congruent,"Straight people/Good,Gay people/Bad",Straight people/Good,Good,Lovely,93811
Sexuality,Congruent,"Straight people/Good,Gay people/Bad",Straight people/Good,Good,Magnificent,92783
Sexuality,Congruent,"Straight people/Good,Gay people/Bad",Straight people/Good,Good,Pleasing,92273
Sexuality,Congruent,"Straight people/Good,Gay people/Bad",Straight people/Good,Good,Pleasure,93729
Sexuality,Congruent,"Straight people/Good,Gay people/Bad",Straight people/Good,Good,Smiling,93653
Sexuality,Congruent,"Straight people/Good,Gay people/Bad",Straight people/Good,Good,Spectacular,92702
Sexuality,Congruent,"Straight people/Good,Gay people/Bad",Straight people/Good,Good,Terrific,92702
Sexuality,Congruent,"Straight people/Good,Gay people/Bad",Straight people/Good,Good,Triumph,93678
Sexuality,Congruent,"Straight people/Good,Gay people/Bad",Straight people/Good,Straight people,06_hetero.jpg,743929
Sexuality,Congruent,"Straight people/Good,Gay people/Bad",Straight people/Good,Straight people,Heterosexual,744120
Sexuality,Congruent,"Straight people/Good,Gay people/Bad",Straight people/Good,Straight people,Straight,743640
Sexuality,Congruent,"Straight people/Good,Gay people/Bad",Straight people/Good,Straight people,Straight People,743839
Sexuality,Incongruent,"Gay people/Good,Straight people/Bad",Gay people/Good,Gay people,05_gay.jpg,396336
Sexuality,Incongruent,"Gay people/Good,Straight people/Bad",Gay people/Good,Gay people,07_lesbian.jpg,396562
Sexuality,Incongruent,"Gay people/Good,Straight people/Bad",Gay people/Good,Gay people,Gay,396245
Sexuality,Incongruent,"Gay people/Good,Straight people/Bad",Gay people/Good,Gay people,Gay Men,197985
Sexuality,Incongruent,"Gay people/Good,Straight people/Bad",Gay people/Good,Gay people,Gay People,594835
Sexuality,Incongruent,"Gay people/Good,Straight people/Bad",Gay people/Good,Gay people,Gay Women,198391
Sexuality,Incongruent,"Gay people/Good,Straight people/Bad",Gay people/Good,Gay people,Homosexual,594182
Sexuality,Incongruent,"Gay people/Good,Straight people/Bad",Gay people/Good,Gay people,Lesbians,198475
Sexuality,Incongruent,"Gay people/Good,Straight people/Bad",Gay people/Good,Good,Adore,92348
Sexuality,Incongruent,"Gay people/Good,Straight people/Bad",Gay people/Good,Good,Appealing,92880
Sexuality,Incongruent,"Gay people/Good,Straight people/Bad",Gay people/Good,Good,Attractive,92744
Sexuality,Incongruent,"Gay people/Good,Straight people/Bad",Gay people/Good,Good,Beautiful,92965
Sexuality,Incongruent,"Gay people/Good,Straight people/Bad",Gay people/Good,Good,Celebrate,92617
Sexuality,Incongruent,"Gay people/Good,Straight people/Bad",Gay people/Good,Good,Cheer,93192
Sexuality,Incongruent,"Gay people/Good,Straight people/Bad",Gay people/Good,Good,Cheerful,92995
Sexuality,Incongruent,"Gay people/Good,Straight people/Bad",Gay people/Good,Good,Cherish,92888
Sexuality,Incongruent,"Gay people/Good,Straight people/Bad",Gay people/Good,Good,Delight,92831
Sexuality,Incongruent,"Gay people/Good,Straight people/Bad",Gay people/Good,Good,Delightful,92012
Sexuality,Incongruent,"Gay people/Good,Straight people/Bad",Gay people/Good,Good,Enjoy,92674
Sexuality,Incongruent,"Gay people/Good,Straight people/Bad",Gay people/Good,Good,Excellent,92551
Sexuality,Incongruent,"Gay people/Good,Straight people/Bad",Gay people/Good,Good,Excitement,92580
Sexuality,Incongruent,"Gay people/Good,Straight people/Bad",Gay people/Good,Good,Fabulous,93191
Sexuality,Incongruent,"Gay people/Good,Straight people/Bad",Gay people/Good,Good,Fantastic,92624
Sexuality,Incongruent,"Gay people/Good,Straight people/Bad",Gay people/Good,Good,Friend,92807
Sexuality,Incongruent,"Gay people/Good,Straight people/Bad",Gay people/Good,Good,Friendship,92701
Sexuality,Incongruent,"Gay people/Good,Straight people/Bad",Gay people/Good,Good,Glad,92288
Sexuality,Incongruent,"Gay people/Good,Straight people/Bad",Gay people/Good,Good,Glorious,92997
Sexuality,Incongruent,"Gay people/Good,Straight people/Bad",Gay people/Good,Good,Happy,93077
Sexuality,Incongruent,"Gay people/Good,Straight people/Bad",Gay people/Good,Good,Joyful,92811
Sexuality,Incongruent,"Gay people/Good,Straight people/Bad",Gay people/Good,Good,Joyous,93287
Sexuality,Incongruent,"Gay people/Good,Straight people/Bad",Gay people/Good,Good,Laughing,93036
Sexuality,Incongruent,"Gay people/Good,Straight people/Bad",Gay people/Good,Good,Love,93076
Sexuality,Incongruent,"Gay people/Good,Straight people/Bad",Gay people/Good,Good,Lovely,93813
Sexuality,Incongruent,"Gay people/Good,Straight people/Bad",Gay people/Good,Good,Magnificent,92491
Sexuality,Incongruent,"Gay people/Good,Straight people/Bad",Gay people/Good,Good,Pleasing,92122
Sexuality,Incongruent,"Gay people/Good,Straight people/Bad",Gay people/Good,Good,Pleasure,93211
Sexuality,Incongruent,"Gay people/Good,Straight people/Bad",Gay people/Good,Good,Smiling,93416
Sexuality,Incongruent,"Gay people/Good,Straight people/Bad",Gay people/Good,Good,Spectacular,92675
Sexuality,Incongruent,"Gay people/Good,Straight people/Bad",Gay people/Good,Good,Terrific,92936
Sexuality,Incongruent,"Gay people/Good,Straight people/Bad",Gay people/Good,Good,Triumph,93306
Sexuality,Incongruent,"Gay people/Good,Straight people/Bad",Straight people/Bad,Bad,Abuse,92988
Sexuality,Incongruent,"Gay people/Good,Straight people/Bad",Straight people/Bad,Bad,Angry,92498
Sexuality,Incongruent,"Gay people/Good,Straight people/Bad",Straight people/Bad,Bad,Annoy,92866
Sexuality,Incongruent,"Gay people/Good,Straight people/Bad",Straight people/Bad,Bad,Awful,92339
Sexuality,Incongruent,"Gay people/Good,Straight people/Bad",Straight people/Bad,Bad,Bothersome,93276
Sexuality,Incongruent,"Gay people/Good,Straight people/Bad",Straight people/Bad,Bad,Despise,92072
Sexuality,Incongruent,"Gay people/Good,Straight people/Bad",Straight people/Bad,Bad,Detest,93194
Sexuality,Incongruent,"Gay people/Good,Straight people/Bad",Straight people/Bad,Bad,Dirty,92757
Sexuality,Incongruent,"Gay people/Good,Straight people/Bad",Straight people/Bad,Bad,Disaster,93272
Sexuality,Incongruent,"Gay people/Good,Straight people/Bad",Straight people/Bad,Bad,Disgust,93064
Sexuality,Incongruent,"Gay people/Good,Straight people/Bad",Straight people/Bad,Bad,Evil,92999
Sexuality,Incongruent,"Gay people/Good,Straight people/Bad",Straight people/Bad,Bad,Failure,92192
Sexuality,Incongruent,"Gay people/Good,Straight people/Bad",Straight people/Bad,Bad,Grief,92841
Sexuality,Incongruent,"Gay people/Good,Straight people/Bad",Straight people/Bad,Bad,Gross,93088
Sexuality,Incongruent,"Gay people/Good,Straight people/Bad",Straight people/Bad,Bad,Hate,93405
Sexuality,Incongruent,"Gay people/Good,Straight people/Bad",Straight people/Bad,Bad,Hatred,92689
Sexuality,Incongruent,"Gay people/Good,Straight people/Bad",Straight people/Bad,Bad,Horrible,93087
Sexuality,Incongruent,"Gay people/Good,Straight people/Bad",Straight people/Bad,Bad,Horrific,92522
Sexuality,Incongruent,"Gay people/Good,Straight people/Bad",Straight people/Bad,Bad,Humiliate,92804
Sexuality,Incongruent,"Gay people/Good,Straight people/Bad",Straight people/Bad,Bad,Hurtful,92846
Sexuality,Incongruent,"Gay people/Good,Straight people/Bad",Straight people/Bad,Bad,Nasty,92996
Sexuality,Incongruent,"Gay people/Good,Straight people/Bad",Straight people/Bad,Bad,Negative,92739
Sexuality,Incongruent,"Gay people/Good,Straight people/Bad",Straight people/Bad,Bad,Pain,92978
Sexuality,Incongruent,"Gay people/Good,Straight people/Bad",Straight people/Bad,Bad,Poison,92767
Sexuality,Incongruent,"Gay people/Good,Straight people/Bad",Straight people/Bad,Bad,Rotten,92946
Sexuality,Incongruent,"Gay people/Good,Straight people/Bad",Straight people/Bad,Bad,Sadness,92320
Sexuality,Incongruent,"Gay people/Good,Straight people/Bad",Straight people/Bad,Bad,Scorn,92923
Sexuality,Incongruent,"Gay people/Good,Straight people/Bad",Straight people/Bad,Bad,Selfish,93141
Sexuality,Incongruent,"Gay people/Good,Straight people/Bad",Straight people/Bad,Bad,Sickening,92708
Sexuality,Incongruent,"Gay people/Good,Straight people/Bad",Straight people/Bad,Bad,Tragic,93107
Sexuality,Incongruent,"Gay people/Good,Straight people/Bad",Straight people/Bad,Bad,Ugly,92550
Sexuality,Incongruent,"Gay people/Good,Straight people/Bad",Straight people/Bad,Bad,Yucky,92632
Sexuality,Incongruent,"Gay people/Good,Straight people/Bad",Straight people/Bad,Straight people,06_hetero.jpg,742636
Sexuality,Incongruent,"Gay people/Good,Straight people/Bad",Straight people/Bad,Straight people,Heterosexual,742608
Sexuality,Incongruent,"Gay people/Good,Straight people/Bad",Straight people/Bad,Straight people,Straight,742440
Sexuality,Incongruent,"Gay people/Good,Straight people/Bad",Straight people/Bad,Straight people,Straight People,742121
