rep,theta_map,theta_mean,theta_sd,hdi_low,hdi_high,hdi_width,posterior_entropy,posterior_peak
0,180.0,179.99404171853251,0.17277897014044596,180.0,180.0,0.0,0.009215003134088096,0.9988102728209964
1,180.0,179.99828455797936,0.09264580402076825,180.0,180.0,0.0,0.0030801287276194427,0.9996570910084185
2,45.0,49.636189054669266,10.74882677416918,35.0,70.0,35.0,2.1215152466436105,0.20245611060146337
3,45.0,48.83829383531679,10.33159489229701,35.0,70.0,35.0,2.084207149341442,0.20932079488739966
4,180.0,179.73320384809992,1.1939526789678847,180.0,180.0,0.0,0.21111392480731733,0.9496849318016287
5,180.0,179.963292120827,0.43075899390681305,180.0,180.0,0.0,0.043444947286885645,0.9927248992333066
6,180.0,163.5485570966004,15.579816794724943,135.0,180.0,45.0,2.3063924919690266,0.1787700015286928
7,180.0,178.26384235455782,3.4366195025825017,170.0,180.0,10.0,0.7688206701036542,0.7430497454990788
8,180.0,179.9242255998854,0.6222420979905391,180.0,180.0,0.0,0.07875432577879378,0.9851200383598129
9,180.0,179.8247969665104,0.9549993605118761,180.0,180.0,0.0,0.15307309400940328,0.9662404372829321
10,180.0,179.99528058204473,0.15371845478805396,180.0,180.0,0.0,0.007518936457371134,0.9990572057930277
11,180.0,179.67048859392784,1.3405229323347223,175.0,180.0,5.0,0.2471925440751618,0.9388256041620469
12,180.0,179.7059349162123,1.255356438600138,180.0,180.0,0.0,0.22713200420281396,0.9447698045340536
13,55.0,76.25873298372159,37.02640402810053,35.0,180.0,145.0,3.0014794967332215,0.10036936590898049
14,180.0,179.8240611265821,0.9580224867817387,180.0,180.0,0.0,0.15356783822448264,0.9661357682367999
15,180.0,179.94724772372084,0.5174847471315379,180.0,180.0,0.0,0.05862469146427498,0.9895836794509698
16,40.0,42.58606420269845,7.2225706017980045,30.0,55.0,25.0,1.7448343633190895,0.29204801101019756
17,35.0,37.92510881338101,5.329388328316011,30.0,45.0,15.0,1.4505598801653405,0.3788857814810599
18,45.0,49.946362735743335,10.665727048429952,35.0,70.0,35.0,2.1205088545190875,0.20062930326829076
19,180.0,175.26576906596313,6.568404851972692,165.0,180.0,15.0,1.348094924546904,0.5029326820296043
20,180.0,179.97276212196144,0.37053479017693125,180.0,180.0,0.0,0.03385751660374567,0.9945890875407928
21,45.0,49.345855632642454,10.599317488223363,35.0,70.0,35.0,2.1082603250504723,0.20495897427475687
22,180.0,178.96724933220332,2.496670999140532,175.0,180.0,5.0,0.5523210005994831,0.8287890326437655
23,180.0,179.99941389043963,0.05413985386999775,180.0,180.0,0.0,0.0011782553794730812,0.9998827964740639
24,45.0,52.938520420462126,12.886927897258888,35.0,75.0,40.0,2.2816702859157263,0.17359942054487668
25,40.0,43.43898850873157,7.603695465695728,30.0,55.0,25.0,1.7943041874703534,0.27713885315457903
26,40.0,42.57466441054997,7.2549254414850575,30.0,55.0,25.0,1.7479503831905658,0.2916624196208046
27,55.0,61.34289949160838,15.945712006721793,35.0,90.0,55.0,2.5260341272694173,0.1283492560327337
28,180.0,179.9999736556679,0.011477085694995367,180.0,180.0,0.0,6.930506996524611e-05,0.9999947311841645
29,45.0,50.489554801802456,11.051726757799848,35.0,70.0,35.0,2.1521355490782645,0.19496091175683566
30,40.0,45.37923975333144,8.519335346691749,30.0,60.0,30.0,1.9028698185605646,0.24143759987256086
31,35.0,38.41710892136218,5.523038491691084,30.0,50.0,20.0,1.4853266037667203,0.35822639351923585
32,40.0,40.55797625075205,6.341276731088468,30.0,50.0,20.0,1.6195078297205887,0.3193715005367137
33,180.0,179.96168901221796,0.4399837391477068,180.0,180.0,0.0,0.04501654187803859,0.9924070211675026
34,180.0,179.97934643537985,0.3224276942871695,180.0,180.0,0.0,0.026813235330766554,0.9958914986669758
35,40.0,42.665871467520546,7.269938043837387,30.0,55.0,25.0,1.7507689700157503,0.2905108578182639
36,35.0,35.46046304892805,4.4342998734045205,30.0,45.0,15.0,1.2709219914342245,0.4585491822825334
37,180.0,179.98764019366484,0.2490699452936115,180.0,180.0,0.0,0.017313352217690578,0.9975357991693194
38,180.0,171.44338696199992,9.752295659435402,155.0,180.0,25.0,1.7789817647565789,0.33616801804155666
39,180.0,179.94977549481274,0.5046793344231367,180.0,180.0,0.0,0.05630664148366317,0.9900753684238057
40,180.0,175.28417482061496,7.1822182736765425,165.0,180.0,15.0,1.344491800050819,0.527284934446061
41,180.0,179.9736689474679,0.36440394706468815,180.0,180.0,0.0,0.03290767447060327,0.9947700282525919
42,40.0,43.8308806363076,7.780347722819776,30.0,55.0,25.0,1.8159745094265172,0.2703531782098118
43,40.0,43.04600651951163,7.479141390368584,30.0,55.0,25.0,1.7767329482725613,0.28357189817960443
44,35.0,38.32149387081384,5.461528648902828,30.0,45.0,15.0,1.4746743610774375,0.36312595651535395
45,50.0,57.69587946588648,15.396079564844332,35.0,85.0,50.0,2.4583948246980714,0.14622110041505484
46,180.0,176.50960002909426,5.899405445875514,165.0,180.0,15.0,1.1472808011826032,0.6058433468699642
47,180.0,179.9902871308462,0.22070619878489314,180.0,180.0,0.0,0.014073254562447983,0.9980622354050533
48,180.0,179.96859651247846,0.398081228651738,180.0,180.0,0.0,0.038144236240763296,0.9937675905947326
49,180.0,179.77835844449334,1.083095036869716,180.0,180.0,0.0,0.18340783788494974,0.9578246463142273
50,180.0,178.97714907903583,2.537170626501633,175.0,180.0,5.0,0.548591863347307,0.8331538943674843
51,165.0,157.62999864892387,15.009933392040546,130.0,180.0,50.0,2.4353854669954624,0.134422145177821
52,65.0,88.66577331454617,32.15785418816031,40.0,150.0,110.0,3.1972743785154676,0.0635679606411623
53,180.0,179.9785847674752,0.3282421860485142,180.0,180.0,0.0,0.02764761152607302,0.9957393176125098
54,180.0,171.61450645030837,11.934241986323332,150.0,180.0,30.0,1.7627670848696364,0.39875006078722725
55,180.0,178.29059137512698,3.3972976655103224,170.0,180.0,10.0,0.7615433010756516,0.7456623041733929
56,180.0,179.9988468696094,0.07595076399261393,180.0,180.0,0.0,0.0021620723202325654,0.9997694578009723
57,55.0,69.99750239167851,21.850621868685952,35.0,110.0,75.0,2.813917000708157,0.09840071858444366
58,180.0,179.60083707514062,1.4693332732709818,175.0,180.0,5.0,0.28473990963136037,0.9261249559865696
59,35.0,36.94285710117245,4.953191967022262,30.0,45.0,15.0,1.3797265361019027,0.4174592607290143
60,40.0,41.70830202663207,6.854817380613134,30.0,55.0,25.0,1.6942200537790981,0.30517531720957647
61,35.0,38.990169671964665,5.738213578583567,30.0,50.0,20.0,1.5223391393777788,0.33500678896784736
62,35.0,38.51165137085029,5.551720471201581,30.0,50.0,20.0,1.4905766838305237,0.35440925923828864
63,95.0,96.49937430766904,29.18076112106814,45.0,145.0,100.0,3.1576604193693503,0.06015044223280755
64,180.0,178.97926676663653,2.537470754210951,175.0,180.0,5.0,0.5478132665365856,0.8336113557170663
65,180.0,179.9706084066822,0.384907467566555,180.0,180.0,0.0,0.03608886339377072,0.9941625337603809
66,35.0,38.62729244853401,5.606957369273013,30.0,50.0,20.0,1.4998909423907696,0.3495300784334264
67,180.0,179.3649874698696,1.947667229749373,175.0,180.0,5.0,0.3964397878327664,0.8900783178383517
68,180.0,179.99626846389666,0.13667471685430732,180.0,180.0,0.0,0.006120253236713998,0.9992544163111436
69,50.0,55.20535541127789,13.181511512606704,35.0,80.0,45.0,2.3304118215622243,0.16037139837064293
70,45.0,48.43852421199253,9.926238139686998,35.0,70.0,35.0,2.0514012841592053,0.21428581687902618
71,45.0,46.848047141889246,9.36660791174598,35.0,65.0,30.0,1.9887868201517673,0.2244870153249562
72,45.0,48.08207049773638,9.812570679992278,35.0,65.0,30.0,2.0385974178218507,0.21684051118000008
73,40.0,43.02500254580107,7.424497548967556,30.0,55.0,25.0,1.7710052340572089,0.2845553694900186
74,45.0,49.76759518310391,10.51526608211387,35.0,70.0,35.0,2.108671349064681,0.20243126924975707
75,130.0,118.51461260723681,28.992314127418307,65.0,170.0,105.0,3.1466888909430164,0.06806046774633225
76,35.0,39.2197711889803,5.813209248876098,30.0,50.0,20.0,1.5353182326854995,0.3256809550907108
77,180.0,176.62734060468247,6.038023421229498,165.0,180.0,15.0,1.1226371200919567,0.6218159072714824
78,180.0,178.44029246472317,3.304399243695945,175.0,180.0,5.0,0.719104733882712,0.7678029222226412
79,180.0,175.59213245583942,6.277777770629619,165.0,180.0,15.0,1.3001002700209705,0.5232352054591302
80,35.0,34.416307589862654,4.079315932373769,30.0,40.0,10.0,1.1882799899446144,0.4629590375055909
81,50.0,55.192617622608765,13.573322736389223,35.0,80.0,45.0,2.3491329386025233,0.15931090756189273
82,35.0,37.81920085094529,5.303421613713788,30.0,45.0,15.0,1.4457880424377592,0.38235180408927233
83,180.0,173.49915880225075,8.160863894066782,160.0,180.0,20.0,1.5727515050979877,0.4156364960418736
84,180.0,179.97026080485668,0.38725875989467806,180.0,180.0,0.0,0.03644575917801696,0.9940949401154403
85,180.0,179.7099200408339,1.2514636073429024,180.0,180.0,0.0,0.22479233511621988,0.9456838466697574
86,180.0,179.62237413612667,1.4489726008712287,175.0,180.0,5.0,0.2732844300055731,0.9308327728201489
87,45.0,51.300428905999446,11.402646110230979,35.0,75.0,40.0,2.1843248990152127,0.1871970185437561
88,180.0,179.9869051715551,0.256425323783437,180.0,180.0,0.0,0.018191771255836157,0.997390019562277
89,180.0,179.74822659774998,1.1611587870443418,180.0,180.0,0.0,0.2020507121512166,0.9524963092596513
90,45.0,51.44764271339462,11.575738466265134,35.0,75.0,40.0,2.1957558225014218,0.1860124758251107
91,40.0,44.05647120829265,7.941951486999956,35.0,60.0,25.0,1.8341884365136973,0.26566803152664925
92,180.0,179.84675812052632,0.8946246422222048,180.0,180.0,0.0,0.13790744972163094,0.970454028015231
93,50.0,55.51404088980419,13.413490365052947,35.0,80.0,45.0,2.3459588895266785,0.15833808750032732
94,70.0,78.33695038063918,23.633711396390247,40.0,120.0,80.0,2.930000906516373,0.07963402548645876
95,50.0,58.70872181088349,15.950620635870196,35.0,90.0,55.0,2.493003721585662,0.1411183031180473
96,40.0,42.97795471273851,7.477854865293254,30.0,55.0,25.0,1.7759277647234568,0.28414954202853415
97,60.0,78.34590445293867,26.943897537610788,40.0,130.0,90.0,3.0172786141116656,0.08009386436783053
98,45.0,46.518242035859544,9.056637018044976,35.0,65.0,30.0,1.9618999599458617,0.22808864855934305
99,180.0,169.3488076806259,13.641448022670623,145.0,180.0,35.0,1.9593756351890286,0.3281684661438387
100,180.0,179.9373701050351,0.5653156240326696,180.0,180.0,0.0,0.06746024116222964,0.987676774278362
101,50.0,56.864247532710635,14.7598004304937,35.0,85.0,50.0,2.4227776451988325,0.15032367023747156
102,40.0,40.55614495964336,6.359857799645786,30.0,50.0,20.0,1.6219524185951304,0.3185598879228087
103,180.0,178.07754109861838,3.6616981446241046,170.0,180.0,10.0,0.8179223195279509,0.7228304006950662
104,180.0,174.902680001757,7.240692503991737,160.0,180.0,20.0,1.399620841957748,0.49597953722936394
105,180.0,179.58055990049033,1.5231089794009918,175.0,180.0,5.0,0.2951603160722753,0.9233173485734565
106,180.0,179.47354878519815,1.7432991779852236,175.0,180.0,5.0,0.34744338749146264,0.9065469010015896
107,45.0,51.25228067845839,11.65808177732686,35.0,75.0,40.0,2.1970719547436737,0.18784198467840688
108,35.0,38.209378914543635,5.443661583920481,30.0,45.0,15.0,1.4713221844117625,0.366697781085506
109,45.0,52.04878755929945,11.945194354544423,35.0,75.0,40.0,2.224195374860394,0.1805782784604692
110,45.0,48.13036472598213,10.082452794958114,35.0,70.0,35.0,2.05739934243703,0.2144315392705281
111,180.0,179.43499889703017,1.7843633181577339,175.0,180.0,5.0,0.36551955110653006,0.8990326421314986
112,50.0,56.347168215980794,14.2322976215799,35.0,80.0,45.0,2.3933237502190807,0.15352158197210256
113,180.0,179.51263256377334,1.6479943030961115,175.0,180.0,5.0,0.3289834379316053,0.9117958930417733
114,180.0,179.9920299874632,0.19986866038554013,180.0,180.0,0.0,0.01186296779934982,0.9984092081123047
115,180.0,179.74601066726694,1.1614368106686408,180.0,180.0,0.0,0.2034253968224183,0.9519032786804618
116,180.0,178.45575522666684,3.2540059168992115,175.0,180.0,5.0,0.7148837792352014,0.7680443547275596
117,35.0,36.01711804153344,4.630179247487784,30.0,45.0,15.0,1.3133471516159823,0.4465332141774408
118,50.0,56.145046322851414,13.898553667435673,35.0,80.0,45.0,2.3766707737505537,0.15461900137363327
119,45.0,46.27090802341975,8.925837646545903,35.0,65.0,30.0,1.9483239645856258,0.22973770901640578
120,45.0,49.28912099170247,10.350816821957256,35.0,70.0,35.0,2.0915328951426675,0.206608841415484
121,180.0,178.6113993595448,2.982403890197514,175.0,180.0,5.0,0.6689371627139364,0.782754672475469
122,180.0,178.56186742223235,3.153440355226545,175.0,180.0,5.0,0.6833370074239171,0.782445865199375
123,180.0,179.62804793075276,1.4160691445399345,175.0,180.0,5.0,0.2703877669111685,0.9308716146451479
124,35.0,37.068198151912476,4.996879928968879,30.0,45.0,15.0,1.388320587132829,0.4129704624672974
125,35.0,36.14638610882807,4.6872596684838985,30.0,45.0,15.0,1.3254388917271411,0.4417637300411879
126,45.0,50.2194856819794,10.88624391910082,35.0,70.0,35.0,2.1384052205976434,0.1975518608914109
127,130.0,117.7552440630811,34.62740341877735,60.0,180.0,120.0,3.2922961507918296,0.050734917449146974
128,180.0,179.99376571987142,0.1767268393985662,180.0,180.0,0.0,0.009585464011219758,0.9987551367201487
129,45.0,47.92898740655904,9.713087140122298,35.0,65.0,30.0,2.029568710102964,0.21827889391360347
130,180.0,176.36054575748966,6.188522085911065,165.0,180.0,15.0,1.1721747386722503,0.5990962407119602
131,35.0,37.26705424284599,5.089192773667729,30.0,45.0,15.0,1.405718877490966,0.4045442852480868
132,40.0,45.51775190780297,8.561135869190544,30.0,60.0,30.0,1.9081874088200244,0.23893913525568775
133,160.0,144.84807090220292,25.429813203026665,100.0,180.0,80.0,2.9141232261286376,0.08577404234778317
134,180.0,178.22908154250254,3.572013104136812,170.0,180.0,10.0,0.7777576261607755,0.7440923911447276
135,60.0,78.49463838757306,29.277104483759423,35.0,135.0,100.0,3.0560039818581446,0.08227888733073216
136,35.0,36.88968968281026,4.935523935654717,30.0,45.0,15.0,1.3761254874461022,0.41939446738551234
137,45.0,49.38726457605054,10.442463897527988,35.0,70.0,35.0,2.0995111100225192,0.20512181444824462
138,40.0,40.84530347393205,6.4778289685995025,30.0,50.0,20.0,1.6398629872487276,0.31598724256328503
139,40.0,45.324661753119216,8.41873713568027,30.0,60.0,30.0,1.8929712584563618,0.24289039843602173
140,40.0,41.06639442336379,6.622380921483306,30.0,50.0,20.0,1.6602513735045052,0.31162164728246233
141,45.0,48.69187265670371,10.097455980632596,35.0,70.0,35.0,2.066784346782628,0.21160771744760318
142,180.0,179.9948429355834,0.16071190922742656,180.0,180.0,0.0,0.008124745302788785,0.9989699764993405
143,180.0,179.96341269427595,0.42999212309130913,180.0,180.0,0.0,0.04332642137114756,0.9927477276426978
144,175.0,167.11960865617175,10.78817656454804,150.0,180.0,30.0,2.0436599947957705,0.19478135001324343
145,45.0,46.52907018496287,9.13958842744984,35.0,65.0,30.0,1.9674942554496444,0.22733740328713944
146,40.0,44.961415879105324,8.319738250629644,30.0,60.0,30.0,1.880280045028942,0.24904909067788564
147,55.0,64.46766945313261,20.551734985123467,35.0,100.0,65.0,2.7044444071758367,0.11717525157495877
148,180.0,173.30606414254942,10.655570632250784,155.0,180.0,25.0,1.5826736539566901,0.4669829135784959
149,115.0,107.37045004956086,31.361372833287984,50.0,160.0,110.0,3.2280977213719884,0.05684521135766938
150,180.0,155.56786756755932,37.49824564546142,50.0,180.0,130.0,2.4196158039979063,0.347792429683646
151,45.0,49.01949290439708,10.286606742910868,35.0,70.0,35.0,2.0835238772317553,0.20873633037402242
152,40.0,43.15470127762325,7.460462628911577,30.0,55.0,25.0,1.7767864920513046,0.28215400885272934
153,40.0,40.58971508628038,6.386963737146218,30.0,50.0,20.0,1.6259763722583402,0.3176222697991379
154,40.0,40.12673851813223,6.153474751971262,30.0,50.0,20.0,1.5906552774049456,0.322763088908795
155,40.0,39.36362630458696,5.862838444734854,30.0,50.0,20.0,1.5436301415054239,0.32336828642675103
156,55.0,63.75957585595098,17.940981488486468,35.0,95.0,60.0,2.6279905773683945,0.11873198546794934
157,180.0,179.019934456719,2.4876978522647084,175.0,180.0,5.0,0.5331539803801852,0.8396733418357825
158,35.0,36.988901276360096,4.9772393490709685,30.0,45.0,15.0,1.3842310702704956,0.4154663215102826
159,180.0,179.99855353033905,0.08506665314305704,180.0,180.0,0.0,0.002646514698372837,0.9997108275835543
160,180.0,179.99822134117048,0.094335376904693,180.0,180.0,0.0,0.003180769457908872,0.9996444487611872
161,45.0,47.375145425728576,9.427398210524666,35.0,65.0,30.0,2.0014756444161725,0.22275885241756496
162,40.0,41.796551326011425,6.905748670875108,30.0,55.0,25.0,1.7009795663516327,0.30361231147535456
163,40.0,39.39327227249581,5.890362856867531,30.0,50.0,20.0,1.54773914888297,0.3226407453169031
164,50.0,55.49543013473087,13.536266313454428,35.0,80.0,45.0,2.3507363056378137,0.1585144355652791
165,180.0,179.87571178466123,0.8003318024490477,180.0,180.0,0.0,0.1169989594821825,0.9758122974007574
166,40.0,40.162751902960764,6.2267201111419554,30.0,50.0,20.0,1.600884875539904,0.3199108131067618
167,140.0,136.7372585303425,20.27543503267773,100.0,170.0,70.0,2.7846693971018963,0.10383962751560892
168,40.0,45.24552219119663,8.426936133719376,30.0,60.0,30.0,1.89292743818031,0.2441235320624047
169,40.0,39.78023000990548,6.01851025617233,30.0,50.0,20.0,1.5692847099455611,0.3237292447687704
170,40.0,39.476364226298614,5.906259549231822,30.0,50.0,20.0,1.550749200683452,0.32357975400856076
171,180.0,179.98095665329254,0.3094152286471054,180.0,180.0,0.0,0.025031692021674566,0.9962089055467297
172,180.0,179.74305651397995,1.1716401536107517,180.0,180.0,0.0,0.20519524962031427,0.9514930110054584
173,45.0,49.96317708839851,10.658332900077934,35.0,70.0,35.0,2.120906704418412,0.20015606472336822
174,45.0,49.164395862223415,10.379534081999342,35.0,70.0,35.0,2.091942550249349,0.20713291977493778
175,60.0,71.53768579276777,23.171365598118655,35.0,115.0,80.0,2.864371689713157,0.09463550156133191
176,45.0,46.326012189327436,8.964090975203364,35.0,65.0,30.0,1.9514369832706318,0.22953074322020509
177,40.0,41.80273398004961,6.905062936677053,30.0,55.0,25.0,1.7013542307617369,0.3033264178059911
178,180.0,179.4796195564543,1.7007817413221509,175.0,180.0,5.0,0.3447933874817512,0.9060221327763428
179,180.0,179.515348716799,1.6526194808126986,175.0,180.0,5.0,0.32760905858528777,0.9127005977496006
180,180.0,179.91000420387095,0.6785039143973826,180.0,180.0,0.0,0.0904675831261152,0.9823621409045182
181,180.0,179.9925490451746,0.19323723662164705,180.0,180.0,0.0,0.011190655784010088,0.9985126296912957
182,180.0,177.3217202495964,4.83602557629321,170.0,180.0,10.0,0.9913140845847538,0.6641620879455425
183,180.0,179.99252482650945,0.1935742974911116,180.0,180.0,0.0,0.01122213461959047,0.9985079775668798
184,180.0,137.95881209962204,44.44780261456455,50.0,180.0,130.0,2.997297899096279,0.1983629498042175
185,165.0,141.74926097443688,29.964086176927985,85.0,180.0,95.0,3.034200211812668,0.07649935491515227
186,180.0,177.17017429047547,4.828014529906345,170.0,180.0,10.0,1.0241920156697368,0.6439582374051598
187,55.0,68.98784391832076,22.467220489433615,35.0,110.0,75.0,2.8163121851949775,0.10294463368497837
188,40.0,45.16058511838556,8.393207111878537,30.0,60.0,30.0,1.8891672919786393,0.2454929301125051
189,35.0,38.71141115932281,5.634063234589717,30.0,50.0,20.0,1.5047810276487161,0.3460474180992193
190,40.0,41.147967909456064,6.620219996309193,30.0,50.0,20.0,1.660338124829153,0.3123124380680584
191,35.0,37.30160844085296,5.087960613022655,30.0,45.0,15.0,1.405762601462878,0.4039020541100375
192,40.0,40.450267761963076,6.320576403261957,30.0,50.0,20.0,1.6162349631752762,0.31897759840067547
193,40.0,41.31435390236595,6.629686714010313,30.0,50.0,20.0,1.6635337335123754,0.31211163703845607
194,180.0,179.56003586590614,1.5592174220768327,175.0,180.0,5.0,0.305592439330522,0.9196955576031559
195,35.0,36.95882430785826,4.955636272915241,30.0,45.0,15.0,1.3800777578578682,0.4173441201711525
196,50.0,58.19217535248295,14.988239837589587,35.0,85.0,50.0,2.450629974758396,0.1431655893649546
197,180.0,179.9915978003058,0.20521779895575576,180.0,180.0,0.0,0.012417606765244272,0.9983230300827546
198,180.0,179.48033463327988,1.7271225937010242,175.0,180.0,5.0,0.34428497735564256,0.9074645545528329
199,35.0,37.84894432142124,5.308676943798041,30.0,45.0,15.0,1.4468446031344055,0.38139767560163207
200,40.0,40.98463868609997,6.52064863900993,30.0,50.0,20.0,1.6463521534209038,0.31527933614973086
201,40.0,43.52659288643648,7.628298264666698,30.0,55.0,25.0,1.7974092329387945,0.27605219893139427
202,180.0,179.3955561857568,1.871420670552992,175.0,180.0,5.0,0.38321200310293435,0.8937039551896733
203,40.0,43.30603109123521,7.5539593688371935,30.0,55.0,25.0,1.7880651640732472,0.2791170655694584
204,50.0,58.5844957914222,15.949026065020673,35.0,90.0,55.0,2.4906960503809357,0.1418561023508408
205,180.0,179.91469422558882,0.6607744735273363,180.0,180.0,0.0,0.08665608613172188,0.9832780820923862
206,180.0,179.42909711251167,1.7940033839950336,175.0,180.0,5.0,0.3682159953728511,0.8980549958026218
207,180.0,179.85700508279675,0.8628334381071688,180.0,180.0,0.0,0.130638458912717,0.972359749172275
208,50.0,55.39397720077568,13.413193870297793,35.0,80.0,45.0,2.3442466060301004,0.15893575174197583
209,70.0,83.31240678995593,27.069047683892148,40.0,130.0,90.0,3.055903806502524,0.07060580508045995
210,45.0,47.33703926520041,9.467089042891086,35.0,65.0,30.0,2.003816032329593,0.22241952792306852
211,35.0,38.722433820627515,5.63515263613247,30.0,50.0,20.0,1.5049230844985775,0.3457786008485219
212,40.0,45.8195354083714,8.672127408887569,35.0,65.0,30.0,1.9213104274804604,0.23350148653432162
213,180.0,179.7696336380053,1.1040662307356037,180.0,180.0,0.0,0.1888941736949854,0.9561974238684113
214,45.0,52.66869379578405,12.360777669174913,35.0,75.0,40.0,2.25487156091761,0.17493372275166233
215,60.0,75.54725426178773,24.71249226571922,35.0,120.0,85.0,2.9415393494091395,0.08534165792482061
216,180.0,179.7736589763132,1.093456136231393,180.0,180.0,0.0,0.1863759242655822,0.956911148199494
217,180.0,179.72267468165285,1.2186346431981216,180.0,180.0,0.0,0.21735528559076356,0.9478082497288439
218,180.0,179.76493077482712,1.112291445853638,180.0,180.0,0.0,0.19183462820986968,0.9552103837612069
219,40.0,44.25994217301118,8.003026798542145,35.0,60.0,25.0,1.8426178675565728,0.2620551570043048
220,45.0,47.74669959436862,9.520000409149736,35.0,65.0,30.0,2.0134400771367,0.22062845328450775
221,180.0,179.65156721887843,1.3771223564430144,175.0,180.0,5.0,0.25765116024317236,0.9353772323287773
222,45.0,50.34261111271915,11.068872546642622,35.0,70.0,35.0,2.150652274288073,0.19631809071739925
223,180.0,175.69975824742363,9.455120651620174,165.0,180.0,15.0,1.2379494282786223,0.6025128746405123
224,50.0,54.57241511405931,13.303302791584382,35.0,80.0,45.0,2.3281180614202888,0.16223814324588698
225,180.0,179.85613402300305,0.8641421921958903,180.0,180.0,0.0,0.13126982330903,0.9721532200943842
226,180.0,178.59303349850177,3.035325898668664,175.0,180.0,5.0,0.6744679558019067,0.7821733264106
227,180.0,168.76565096057516,17.948814171667024,140.0,180.0,40.0,1.9617873828713366,0.3794260037232275
228,55.0,63.14041752885891,17.11479305919189,35.0,95.0,60.0,2.591363313345327,0.12115079679173968
229,50.0,54.42589346186057,13.14037978205203,35.0,80.0,45.0,2.3175971589796207,0.16359337463669418
230,180.0,179.99995448772214,0.015085299070403742,180.0,180.0,0.0,0.00011475437684075284,0.9999908976830277
231,55.0,70.30374913776946,25.400152302268875,35.0,115.0,80.0,2.8833911122817186,0.10203048233363517
232,180.0,179.5961604712692,1.4882544770806572,175.0,180.0,5.0,0.2871449478374221,0.9257722264414086
233,180.0,179.81206874347254,0.99393068937629,180.0,180.0,0.0,0.1615884559293892,0.9640024047290626
234,40.0,44.68970601837352,8.208375403477858,30.0,60.0,30.0,1.8668257113786393,0.25406744556380984
235,40.0,42.19901557489079,7.091857814288669,30.0,55.0,25.0,1.7261179171153966,0.29751129243314917
236,60.0,78.34205000945876,26.709814418713215,40.0,130.0,90.0,3.0116974482976193,0.08002988984302208
237,40.0,43.22170686513802,7.524470034088799,30.0,55.0,25.0,1.7832709049031825,0.2811457978117195
238,35.0,38.63032620752457,5.59153895471357,30.0,50.0,20.0,1.497382616110488,0.34992086941061695
239,45.0,52.57753013754555,12.094982565794366,35.0,75.0,40.0,2.2399995305575127,0.1754118594013516
240,100.0,103.30096475607019,33.60809472725598,45.0,160.0,115.0,3.280318558216018,0.050545577695317055
241,45.0,46.42653359309425,8.917293637018023,35.0,65.0,30.0,1.9492138742756155,0.23031509111141701
242,35.0,37.90462524784506,5.323618270747868,30.0,45.0,15.0,1.4497400989427343,0.37929401561137915
243,180.0,179.1715859652133,2.2804511846863873,175.0,180.0,5.0,0.47594016869525,0.8621016137202285
244,40.0,43.819874385115455,7.822555567796856,30.0,55.0,25.0,1.8202816356356206,0.26979184619627256
245,180.0,178.01493718945653,3.947337784213628,170.0,180.0,10.0,0.8323320881461588,0.726572335603448
246,40.0,43.97600525990561,7.87339244443219,35.0,60.0,25.0,1.8266067000109063,0.2674970119054133
247,180.0,179.97476042185045,0.35645735864098094,180.0,180.0,0.0,0.031757572190216764,0.9949818952821629
248,180.0,179.99661357006636,0.130210758117246,180.0,180.0,0.0,0.005619905966504195,0.9993233962047973
249,180.0,179.19618303660332,2.1830129171268333,175.0,180.0,5.0,0.46683621710993234,0.8627374710226956
250,180.0,179.9998905107612,0.023398125070405767,180.0,180.0,0.0,0.00025684270216711126,0.9999781029132035
251,40.0,40.04647655576949,6.154555820231045,30.0,50.0,20.0,1.5901974370125649,0.32155040094298515
252,180.0,178.3808507011928,3.350150634932546,170.0,180.0,10.0,0.7362499943917151,0.7594387250205191
253,35.0,39.26197938645434,5.859353750257168,30.0,50.0,20.0,1.5426158190688866,0.3234767283657138
254,180.0,178.06566324894428,3.8190473334439994,170.0,180.0,10.0,0.8201681298535999,0.7288873022928448
255,180.0,178.87575931989892,2.6395965713270275,175.0,180.0,5.0,0.5839499070107355,0.8172671143548698
256,180.0,113.97809708460412,42.396262799129595,50.0,180.0,130.0,3.3614583678432854,0.05482602683823105
257,45.0,52.662055046392815,12.340338154478864,35.0,75.0,40.0,2.2534103944834944,0.17512130375472543
258,45.0,48.6438856798206,10.166747548424949,35.0,70.0,35.0,2.0701596006768823,0.2117057149276032
259,180.0,176.18735279171997,6.099410492134155,165.0,180.0,15.0,1.2044651140324634,0.5787310978349786
260,180.0,179.97056538180112,0.3849481355705377,180.0,180.0,0.0,0.0361335809386036,0.9941503831566173
261,40.0,44.316120259616945,8.069714957770405,35.0,60.0,25.0,1.8494672519389308,0.26075354529403655
262,180.0,178.8478902006528,2.672976683117142,175.0,180.0,5.0,0.593351853483473,0.8132780525943213
263,180.0,179.98426562939517,0.2810929577239515,180.0,180.0,0.0,0.021281883705371898,0.9968648529693259
264,45.0,52.73049366152135,12.176967627359533,35.0,75.0,40.0,2.24649966534736,0.17399035306316296
265,180.0,179.44786880157298,1.784121488876691,175.0,180.0,5.0,0.35946033000177696,0.9021864970937977
266,40.0,40.644959052121635,6.407357744934667,30.0,50.0,20.0,1.6288788359311406,0.3174032760668235
267,180.0,179.99959948712328,0.044753987855103254,180.0,180.0,0.0,0.0008356485038844241,0.9999199077316835
268,180.0,178.95377857327856,2.567541078703753,175.0,180.0,5.0,0.5568608194393547,0.829803033765608
269,180.0,166.98454510166374,13.800235785976588,140.0,180.0,40.0,2.120849712241859,0.2438911653332217
270,180.0,179.99042811732224,0.21907366380254056,180.0,180.0,0.0,0.013896981424572706,0.9980901199996863
271,40.0,41.09582326185097,6.59907152433232,30.0,50.0,20.0,1.6573573658977923,0.3127837860526001
272,40.0,43.03213967872814,7.436508571800796,30.0,55.0,25.0,1.7723337119632558,0.28428538538908177
273,180.0,179.97156726525859,0.378456868519504,180.0,180.0,0.0,0.03509976946544676,0.9943506551730442
274,40.0,39.78960081378898,6.080793557090039,30.0,50.0,20.0,1.5778768967726442,0.32095400472358
275,40.0,43.40603070386565,7.583324624904956,30.0,55.0,25.0,1.7913195629228316,0.2782476372545425
276,180.0,179.7393545492806,1.188839106638833,180.0,180.0,0.0,0.2073527694385704,0.951146833136959
277,180.0,178.42337249684525,3.2555406895875367,175.0,180.0,5.0,0.7243838217614708,0.7621352010603883
278,35.0,35.40036207810941,4.409456469709533,30.0,45.0,15.0,1.2655554219786413,0.45982251146160347
279,180.0,178.91382764672855,2.880794046453133,175.0,180.0,5.0,0.5671041674627324,0.832555986160441
280,145.0,131.8796995528695,30.50557312619974,75.0,180.0,105.0,3.1426686219577222,0.06648236725015019
281,180.0,179.86420593298706,0.8415232653182119,180.0,180.0,0.0,0.1254338645451701,0.9737533191351698
282,40.0,40.1557089167195,6.206922562926297,30.0,50.0,20.0,1.5980771451909999,0.32075077100038424
283,180.0,179.75643174931562,1.1349237936911085,180.0,180.0,0.0,0.19707534987241787,0.9537351449391072
284,40.0,42.313695960241375,7.119949085661382,30.0,55.0,25.0,1.7305399082875546,0.2961877103787047
285,180.0,168.27014829851998,13.005298613581333,145.0,180.0,35.0,2.0370039493785517,0.2738982297163296
286,50.0,59.288282812994964,15.620939253219548,35.0,85.0,50.0,2.489941555281316,0.13726798205243845
287,180.0,114.97813111761327,45.90111089460355,45.0,180.0,135.0,3.31843824508491,0.08779341591320396
288,180.0,168.20008556264554,17.818491010153604,140.0,180.0,40.0,2.015148622060254,0.3576058978611707
289,180.0,179.892387726709,0.7447613547661668,180.0,180.0,0.0,0.10436012052155764,0.9790240977156304
290,180.0,179.98581809898664,0.2669067456605867,180.0,180.0,0.0,0.01947604154558516,0.9971741848441978
291,180.0,167.9856251487022,16.226544049620223,140.0,180.0,40.0,2.052119944888075,0.3225038836245895
292,35.0,39.228910051000234,5.835572582726451,30.0,50.0,20.0,1.5384339226979962,0.3253931031986156
293,180.0,174.93183106766662,7.120622752690978,160.0,180.0,20.0,1.3956380011069527,0.4938092052322773
294,45.0,49.98119959560649,11.091679476277877,35.0,70.0,35.0,2.1461154763467323,0.199104750208512
295,55.0,65.56554439318002,18.96476720652628,35.0,100.0,65.0,2.682355238660651,0.11224878314687152
296,180.0,178.03405570794092,3.876084836297971,170.0,180.0,10.0,0.8280325137244632,0.7264514574484882
297,50.0,54.61975905535569,13.215659449302342,35.0,80.0,45.0,2.324371818600694,0.16249682463084245
298,180.0,179.9970922498706,0.1206390811063297,180.0,180.0,0.0,0.004914135579983012,0.9994189192985157
299,180.0,179.85884713173584,0.852844239100768,180.0,180.0,0.0,0.12933304677618002,0.9725745942904598
300,180.0,179.96659445745732,0.4107216467563769,180.0,180.0,0.0,0.04016429037681436,0.9933739352329762
301,180.0,179.98661876518298,0.25917674466553203,180.0,180.0,0.0,0.018531949028039518,0.9973326257916689
302,180.0,179.82438999560927,0.9586788839625383,180.0,180.0,0.0,0.15333807344106093,0.9662501885337962
303,180.0,179.96054677800134,0.4467136048226687,180.0,180.0,0.0,0.04612724499673443,0.9921853185198
304,90.0,93.64650926108416,28.200839200803436,45.0,145.0,100.0,3.1233814802944453,0.062320412288297704
305,40.0,40.58509667475838,6.408411346078065,30.0,50.0,20.0,1.628618382579154,0.3167555147912769
306,180.0,178.81201232513024,2.7618180914508987,175.0,180.0,5.0,0.6051284703214224,0.8107829045806864
307,40.0,45.00771305633346,8.287293603636977,30.0,60.0,30.0,1.8781433786399986,0.2482181835057904
308,60.0,70.26255887783068,21.89820169955828,35.0,110.0,75.0,2.8183156851350297,0.09758687812438258
309,55.0,62.12221925952985,16.87839839417708,35.0,90.0,55.0,2.5714694878491855,0.12474052717293452
310,180.0,179.95180145375397,0.4942698409446126,180.0,180.0,0.0,0.05443033166557844,0.9904713876744536
311,50.0,57.61379403172869,15.03651917125765,35.0,85.0,50.0,2.444452791317826,0.14647268672867125
312,45.0,48.42168782578369,10.039165878303189,35.0,70.0,35.0,2.058939953273296,0.21348641921977846
313,40.0,42.95552964085254,7.429643739475907,30.0,55.0,25.0,1.7710727362274998,0.2848851592039385
314,40.0,40.98208055657231,6.532766893283238,30.0,50.0,20.0,1.6481923592068275,0.3145877766697499
315,50.0,55.558885103910704,13.809845942464866,35.0,80.0,45.0,2.3646394924226386,0.15740315207415698
316,40.0,43.65178732414011,7.718371312103756,30.0,55.0,25.0,1.8077757257492113,0.2734137809300204
317,180.0,179.8818765179555,0.7803073902759321,180.0,180.0,0.0,0.11238101850918247,0.9770000430612904
318,180.0,179.9982938303729,0.09238888747231289,180.0,180.0,0.0,0.003065336999601001,0.9996589213686975
319,35.0,37.25413593809533,5.07983356811733,30.0,45.0,15.0,1.4041546765171549,0.40507617371569626
320,50.0,58.12807791756336,14.37790445337172,35.0,85.0,50.0,2.4225783921396777,0.14339546700557879
321,35.0,36.466372213636205,4.781555157086159,30.0,45.0,15.0,1.3452193062911388,0.4338506141363696
322,35.0,36.427197964410986,4.770483256556843,30.0,45.0,15.0,1.3427892456517627,0.43501680937150133
323,180.0,177.31215705497314,4.564608741287288,170.0,180.0,10.0,0.9951200482568028,0.6508536268690399
324,45.0,46.303399959880636,8.965797744436752,35.0,65.0,30.0,1.9511291595253302,0.22952921702589443
325,180.0,179.98421139455624,0.28162807403165846,180.0,180.0,0.0,0.02134428376456016,0.9968546312310929
326,40.0,39.88348269001543,6.089161027030476,30.0,50.0,20.0,1.5798181138406726,0.3221284512938591
327,45.0,50.86617356420041,11.375025046107016,35.0,70.0,35.0,2.175333305588031,0.19169699118918093
328,180.0,179.9976962331931,0.10737186552797622,180.0,180.0,0.0,0.004000647873172975,0.9995395501724672
329,180.0,174.91610533879316,8.521370496339845,160.0,180.0,20.0,1.386483648164705,0.5305713463228995
330,35.0,38.2570552999243,5.4660804016719835,30.0,45.0,15.0,1.47522232353261,0.36463837428496537
331,40.0,44.7630739021805,8.275108744683413,30.0,60.0,30.0,1.8733964796436764,0.2528086081924694
332,180.0,179.9811229959009,0.3081115771375501,180.0,180.0,0.0,0.024845950524306555,0.9962425721621277
333,180.0,179.99328584217707,0.1834133965079563,180.0,180.0,0.0,0.01022378251026016,0.9986594587693206
334,35.0,36.1300049835355,4.670514453707589,30.0,45.0,15.0,1.3220272184901405,0.44324695638989614
335,180.0,179.88469196517323,0.7723629037229832,180.0,180.0,0.0,0.11024349521501876,0.9775814978097008
336,40.0,39.753643519458564,6.060251515242188,30.0,50.0,20.0,1.5752808231496882,0.3210858590459125
337,40.0,42.38020284421388,7.153851899352537,30.0,55.0,25.0,1.7350360019774975,0.29498718109077854
338,35.0,39.15982521938099,5.780131936591589,30.0,50.0,20.0,1.5299744569538476,0.32822160436190057
339,180.0,179.9655434974048,0.41742709085846497,180.0,180.0,0.0,0.041214158380680946,0.9931709588081776
340,180.0,179.70120325441044,1.261604805390103,180.0,180.0,0.0,0.22987472438893103,0.9437486315836809
341,180.0,179.65594658963184,1.3693359731875059,175.0,180.0,5.0,0.25524478862755395,0.9361997212952028
342,40.0,45.48581537684363,8.580623401984514,30.0,60.0,30.0,1.9091080427055502,0.239727925375199
343,40.0,41.155563039698976,6.6287640740356295,30.0,50.0,20.0,1.6619076413829346,0.3117334132761767
344,40.0,44.931441029086116,8.220995354820444,35.0,60.0,25.0,1.871167849723428,0.24978543859681082
345,40.0,40.83296808743869,6.486568581688132,30.0,50.0,20.0,1.6406874534214204,0.31567898154489005
346,40.0,40.423398247797536,6.336283498082957,30.0,50.0,20.0,1.6178789332895853,0.3181326371627398
347,180.0,179.9997950769781,0.032011137772656656,180.0,180.0,0.0,0.0004550244808226266,0.9999590181918222
348,35.0,36.20933761714322,4.71326027756541,30.0,45.0,15.0,1.3307050401855394,0.43981464634112527
349,35.0,38.82009867886709,5.636635249598926,30.0,50.0,20.0,1.5060901036238543,0.34208821739455825
350,180.0,179.699127365783,1.2791477133274014,180.0,180.0,0.0,0.23099520946801086,0.9439101362441927
351,180.0,179.6130183193102,1.461432307724207,175.0,180.0,5.0,0.2782911494969795,0.9289538496254672
352,45.0,50.4304377359476,10.87661188388951,35.0,70.0,35.0,2.14080479795482,0.19575844980323415
353,45.0,46.739790457821776,9.265954404787264,35.0,65.0,30.0,1.9802880972913757,0.22557357738988654
354,180.0,179.97416520375222,0.3609158430867502,180.0,180.0,0.0,0.03238558146880852,0.9948678090492035
355,180.0,178.63724713452885,3.040116438405554,175.0,180.0,5.0,0.6605399526651421,0.7909197687183763
356,35.0,39.1467164738107,5.802627568603994,30.0,50.0,20.0,1.5332025460430578,0.32846991336437026
357,180.0,179.99702975398102,0.12193203145101461,180.0,180.0,0.0,0.005007121732935127,0.9994064504596941
358,180.0,122.77391120279634,39.82176514930748,55.0,180.0,125.0,3.3208369967984646,0.05773441608652762
359,40.0,39.619902764064165,5.9629503169431874,30.0,50.0,20.0,1.5602406136635074,0.32350785923275244
360,180.0,178.37701456118958,3.3537533399755275,170.0,180.0,10.0,0.7373379905069495,0.7589566216796038
361,180.0,179.98139397512506,0.30591855074379115,180.0,180.0,0.0,0.024542879248097182,0.9962967273966935
362,180.0,179.5836474452428,1.5193740772406525,175.0,180.0,5.0,0.29356277360221006,0.9239429141794426
363,40.0,41.36568599327294,6.715240845143666,30.0,55.0,25.0,1.6740127104387692,0.3096345466871173
364,40.0,41.40295043479213,6.734144767316213,30.0,55.0,25.0,1.6766596028769891,0.3090643638242783
365,50.0,55.60864229933947,13.764823888170113,35.0,80.0,45.0,2.3634445456650552,0.15724320706100886
366,180.0,179.97392615912344,0.362444349747921,180.0,180.0,0.0,0.03263784472938763,0.9948185005338166
367,35.0,35.482569579129745,4.439338392624707,30.0,45.0,15.0,1.2720396052580425,0.45849187195938174
368,70.0,85.38172350964629,28.178714427294594,40.0,135.0,95.0,3.0949966819880093,0.06768749336287581
369,35.0,36.6281729729327,4.8573145198198,30.0,45.0,15.0,1.3603173952220597,0.4272485886178442
370,35.0,38.66597127847157,5.625528646589912,30.0,50.0,20.0,1.5029028657683237,0.34802228588531015
371,180.0,179.80884749763737,1.0014295267574675,180.0,180.0,0.0,0.16372783011778788,0.9633630060673293
372,180.0,179.7186238565586,1.2285211049939861,180.0,180.0,0.0,0.21973331779185298,0.9471082039995139
373,180.0,179.82984624243284,0.9473927052164752,180.0,180.0,0.0,0.14959852516405667,0.9674025269925531
374,40.0,42.33925130335921,7.113228147589089,30.0,55.0,25.0,1.730010734752589,0.29624197491097776
375,180.0,167.33018374149742,14.052064654894146,140.0,180.0,40.0,2.102515756256718,0.2615127166843045
376,45.0,47.79498699152613,9.499714331615873,35.0,65.0,30.0,2.0129070483053058,0.2204624752857691
377,180.0,179.99806472234846,0.09840387084720184,180.0,180.0,0.0,0.0034281914706343207,0.9996131578807779
378,45.0,50.11193338730767,10.820051954013309,35.0,70.0,35.0,2.132667228160293,0.19869913961613592
379,45.0,50.12634205948571,10.830130704207424,35.0,70.0,35.0,2.133699728677681,0.19843855171859287
380,180.0,179.99974861356222,0.03545500765129764,180.0,180.0,0.0,0.0005479207226084398,0.9999497264835004
381,40.0,43.251020985161205,7.574427569703551,30.0,55.0,25.0,1.7890795251415703,0.27976770371780063
382,40.0,43.73686183024621,7.740938285033197,30.0,55.0,25.0,1.8110725614381569,0.27198912513903484
383,50.0,60.141656096011424,15.88690540158283,35.0,90.0,55.0,2.5107528338504936,0.1324704675709076
384,35.0,36.320530236376946,4.74435194862326,30.0,45.0,15.0,1.337221863773037,0.4373436285284856
385,45.0,48.76648532509843,10.241971073485002,35.0,70.0,35.0,2.077698662324355,0.21010419145602618
386,180.0,177.7701935040231,4.152227303682478,170.0,180.0,10.0,0.8928310368142889,0.698255451522678
387,180.0,179.99755426327718,0.11062916328239678,180.0,180.0,0.0,0.004217949294077598,0.999511174567557
388,50.0,54.74722096474212,13.263566722476803,35.0,80.0,45.0,2.3287034250495084,0.1617795231327082
389,180.0,176.34580238251988,5.774723522453063,165.0,180.0,15.0,1.1783747114760097,0.5834796421832711
390,40.0,39.91880534316165,6.118289145664818,30.0,50.0,20.0,1.5844860903625266,0.3211573903743551
391,35.0,37.42853302660865,5.140511366001331,30.0,45.0,15.0,1.4155684961316313,0.39882649962326855
392,180.0,179.99548685512636,0.15034491526294255,180.0,180.0,0.0,0.0072305788590452955,0.9990985336694816
393,50.0,56.241752752374836,14.642874900776826,35.0,85.0,50.0,2.4072130228734028,0.15372965621481857
394,180.0,179.71478171426097,1.2405515818731698,180.0,180.0,0.0,0.22196010350480655,0.9465533232367624
395,40.0,43.83089393442799,7.811217304640735,30.0,55.0,25.0,1.819583578786486,0.2695531999512441
396,50.0,64.37652091186348,21.480470546440497,35.0,100.0,65.0,2.7138519222970046,0.11894474382592736
397,180.0,179.90095150097224,0.7138382352024332,180.0,180.0,0.0,0.09768084844691499,0.9806590857209757
398,180.0,173.27004853887775,8.502228116572878,160.0,180.0,20.0,1.5993312081527433,0.4112673931302479
399,55.0,63.10292611394658,18.823024810314084,35.0,95.0,60.0,2.645203982937863,0.1208459766879992
400,45.0,46.74587105839575,9.159666733690834,35.0,65.0,30.0,1.9721323761437108,0.22711392842085967
401,180.0,165.45734968619414,22.754633855163576,125.0,180.0,55.0,2.1566085752870627,0.3450293298472696
402,55.0,60.38219226798931,15.834029013339276,35.0,90.0,55.0,2.5110345103899525,0.13123409806506012
403,180.0,178.4250251611414,3.3669721925558416,175.0,180.0,5.0,0.7230497382045217,0.7680947055265199
404,180.0,178.0701770565991,3.812548088163253,170.0,180.0,10.0,0.8190224983093934,0.7293102344530128
405,180.0,179.77223684635203,1.0979446314719967,180.0,180.0,0.0,0.18726355329137923,0.9566861468091337
406,180.0,172.92285536731782,8.457124483848936,160.0,180.0,20.0,1.6336766050708236,0.38476549926643344
407,180.0,179.9986626822512,0.08178995013473139,180.0,180.0,0.0,0.0024677917538486393,0.9997326323166896
408,180.0,173.30244879897987,9.108166289351043,155.0,180.0,25.0,1.596487168836475,0.43261820194714257
409,180.0,166.53488302028634,13.476464055428723,140.0,180.0,40.0,2.141111032907685,0.22297231465486342
410,35.0,38.06853956210827,5.385684848335539,30.0,45.0,15.0,1.460913223319729,0.37272255306698365
411,35.0,36.72302438864744,4.895845401352792,30.0,45.0,15.0,1.3678602296462743,0.42390186173312694
412,180.0,179.7481496866071,1.1589175364189845,180.0,180.0,0.0,0.20211396310938737,0.9523898965180498
413,180.0,167.64081596345605,18.111799130158353,135.0,180.0,45.0,2.058973307745569,0.3409565097331551
414,180.0,179.9901720887599,0.22204643377528366,180.0,180.0,0.0,0.014216739027215762,0.9980396322035983
415,180.0,179.94694724842984,0.5193448173596065,180.0,180.0,0.0,0.05889696634425343,0.9895323565537141
416,40.0,42.91511692419082,7.42254858399308,30.0,55.0,25.0,1.7696797538698177,0.28553578911095645
417,60.0,88.66208019862385,36.23024794353699,40.0,180.0,140.0,3.2386561025934553,0.06769110271763941
418,35.0,36.42206412734748,4.743980825500893,30.0,45.0,15.0,1.3378091930005882,0.4370087514670805
419,55.0,66.52173843405878,18.782863115883472,35.0,100.0,65.0,2.6852027259981073,0.10853441771786113
420,180.0,166.68495498815292,16.31626778700938,140.0,180.0,40.0,2.1459896877726843,0.2804850786807534
421,60.0,76.07720262372891,24.241443979123083,40.0,120.0,80.0,2.933449618322604,0.08367169495693545
422,50.0,59.75784187235114,16.22215888803102,35.0,90.0,55.0,2.517821858674486,0.13545842014870482
423,45.0,46.04432311656345,8.790183215690409,35.0,65.0,30.0,1.933852577141264,0.23169184762594405
424,180.0,177.59244765679594,5.454793095961304,170.0,180.0,10.0,0.9174349688710244,0.7075581245365818
425,180.0,179.97146289358062,0.37927758355411656,180.0,180.0,0.0,0.035207448264709076,0.994331855298675
426,180.0,178.44777697516827,3.3781053931628815,175.0,180.0,5.0,0.716007135413176,0.7724375588306023
427,45.0,48.65570263862259,10.205323099908169,35.0,70.0,35.0,2.072922964527455,0.21134863282539082
428,180.0,179.9495832221636,0.5061226989432739,180.0,180.0,0.0,0.05648178275488523,0.9900468166087107
429,45.0,49.35210962026135,10.431569678699088,35.0,70.0,35.0,2.098053922001185,0.20556366817270344
430,180.0,179.7516945283028,1.1453443436415045,180.0,180.0,0.0,0.1999780711109252,0.9528355704848235
431,45.0,47.22187597731085,9.385531074287856,35.0,65.0,30.0,1.9960762144950104,0.22364224921928713
432,35.0,37.42557601705444,5.148905862593073,30.0,45.0,15.0,1.4169935120951558,0.39847610485905166
433,180.0,179.9946498715451,0.16369747123122713,180.0,180.0,0.0,0.008389602283911978,0.9989314684675559
434,180.0,179.998570221798,0.08457571342579011,180.0,180.0,0.0,0.002619291858509236,0.9997141683706521
435,40.0,45.393597794071404,8.490280825293208,30.0,60.0,30.0,1.9004421247482115,0.2412919775882982
436,180.0,170.44685795898192,18.5796487457128,145.0,180.0,35.0,1.768082019601346,0.4611891088496751
437,40.0,40.32193427760222,6.293299452019918,30.0,50.0,20.0,1.6111181246764807,0.31896665685854536
438,180.0,175.4342346720346,6.987468996836146,165.0,180.0,15.0,1.3227213997220035,0.5349247306350193
439,180.0,179.9756335244194,0.3502957613841948,180.0,180.0,0.0,0.03082989017011223,0.9951558580862935
440,180.0,179.93983542284232,0.5532391111160353,180.0,180.0,0.0,0.06528850577465004,0.9881413729243737
441,160.0,152.91674870930507,16.829382447039787,125.0,180.0,55.0,2.5645847909273747,0.12191146679660785
442,50.0,56.81427374085255,14.475805197075259,35.0,85.0,50.0,2.4104472022039825,0.15088043709488105
443,40.0,44.59021060218351,8.16890541389648,35.0,60.0,25.0,1.8620053575410709,0.25586972799672536
444,35.0,34.99974822061833,4.252527204478126,30.0,40.0,10.0,1.2300249956271363,0.46645145287270007
445,180.0,179.90270052584196,0.707717646685899,180.0,180.0,0.0,0.09629721341775112,0.9810027419738799
446,80.0,83.39698605205494,23.08986100165229,45.0,125.0,80.0,2.9278964665078795,0.07732119074795005
447,180.0,177.24117811739075,4.959664564581818,170.0,180.0,10.0,1.0078376151832424,0.6585887519932528
448,180.0,179.83207102572206,0.9355583655377501,180.0,180.0,0.0,0.1481134207969072,0.967638305004297
449,180.0,163.35767739294332,25.130145184699593,110.0,180.0,70.0,2.2687185621060784,0.3214811036349209
450,85.0,90.06946907813932,27.541008194665558,45.0,140.0,95.0,3.095487965639609,0.06437906608040306
451,50.0,57.35606199556077,14.488669705342021,35.0,85.0,50.0,2.419060142243249,0.14768142519402128
452,35.0,38.19641500612731,5.423526024940923,30.0,45.0,15.0,1.4679820918256126,0.367701487130968
453,180.0,179.9935099763545,0.18032298785040124,180.0,180.0,0.0,0.009926526321710292,0.998704158289551
454,35.0,34.37462640361432,4.059288756531577,30.0,40.0,10.0,1.1835118895587204,0.46323270881592515
455,180.0,179.99772212435192,0.10676104882772738,180.0,180.0,0.0,0.003960841297349338,0.9995446992929103
456,40.0,43.96500622499126,7.814105648182831,35.0,60.0,25.0,1.8214232814419218,0.2676784740128346
457,180.0,179.85146119020675,0.8772503568509048,180.0,180.0,0.0,0.13460279454581817,0.9712364836363433
458,45.0,46.945512070021216,9.421488559891039,35.0,65.0,30.0,1.9943682409512566,0.22369162496863101
459,180.0,179.99071998348214,0.21571996670628632,180.0,180.0,0.0,0.01353061497355897,0.9981484060948955
460,45.0,50.072552464596846,10.78266584053824,35.0,70.0,35.0,2.130362830137437,0.19881579285839948
461,35.0,35.3131693101193,4.398668543229886,30.0,45.0,15.0,1.2628194440011227,0.4590609513284296
462,35.0,35.17025258249976,4.341742189832915,30.0,40.0,10.0,1.2499622709044063,0.4616672558207252
463,55.0,62.10358981814047,17.30156650037933,35.0,95.0,60.0,2.586850712844126,0.12423372108563817
464,180.0,179.9354763412504,0.5729213695979726,180.0,180.0,0.0,0.06912296774434454,0.9872875334441041
465,55.0,64.71288849342275,19.188718472325927,35.0,100.0,65.0,2.6786945460628737,0.11551560070081678
466,180.0,177.2283817506331,5.7478946037584535,170.0,180.0,10.0,0.9990720000397717,0.6750321475738755
467,40.0,41.1419807735682,6.643312927117069,30.0,50.0,20.0,1.6632299804712085,0.3113981818950637
468,180.0,179.99992712635012,0.019088751503633452,180.0,180.0,0.0,0.00017688221829064674,0.9999854256199019
469,180.0,179.87150878997483,0.8170373550817474,180.0,180.0,0.0,0.12009623653100787,0.9751017571083263
470,180.0,179.99910318048683,0.06697390138597265,180.0,180.0,0.0,0.0017265878315864296,0.9998206802862077
471,45.0,48.527651671102625,9.989128467991069,35.0,70.0,35.0,2.0573217631967906,0.2131559048570189
472,180.0,179.98558962196682,0.2689722956427422,180.0,180.0,0.0,0.01974402209419555,0.9971279196381903
473,40.0,41.171690941968365,6.664462485781955,30.0,50.0,20.0,1.6659223450133078,0.310884945247057
474,180.0,178.33185671845513,3.4113168840896253,170.0,180.0,10.0,0.7499471223435736,0.7538654774856697
475,180.0,178.25831493627095,3.532014466727221,170.0,180.0,10.0,0.7699017356777784,0.7471731448218115
476,180.0,179.98502157711172,0.2743403670442772,180.0,180.0,0.0,0.020406411784877516,0.9970161513543583
477,45.0,49.02545834981914,10.344520700205518,35.0,70.0,35.0,2.087344127690603,0.2083846480725642
478,180.0,175.16730583414784,6.851311666521349,165.0,180.0,15.0,1.362766922355198,0.5055495191825606
479,40.0,44.23517390288652,7.9479511838487324,35.0,60.0,25.0,1.8373678121541879,0.26265332277761355
480,180.0,179.99577210864902,0.1454960196450056,180.0,180.0,0.0,0.006828781174676457,0.9991553705238774
481,40.0,44.463189649486736,8.098725106873166,35.0,60.0,25.0,1.8540640736243899,0.2582394273776343
482,180.0,179.56178592813532,1.5649504135065173,175.0,180.0,5.0,0.30465378819615496,0.9204064199596289
483,35.0,37.17773994590031,5.02337463468391,30.0,45.0,15.0,1.393640256412536,0.4096988560104183
484,180.0,179.9016636793439,0.7119654450303825,180.0,180.0,0.0,0.09711436767527709,0.9808149895681582
485,180.0,179.75734362613832,1.1337996330051672,180.0,180.0,0.0,0.19651090179620168,0.9539426071446556
486,180.0,179.87286103074482,0.8095021429788672,180.0,180.0,0.0,0.11911367797864061,0.9752658716215116
487,180.0,172.87037329614765,9.155016206817441,155.0,180.0,25.0,1.6436861035519124,0.4051107927962024
488,180.0,179.90702141749182,0.6911113577503737,180.0,180.0,0.0,0.09285962245811222,0.9818203408276345
489,40.0,40.00097427783076,6.130181725092926,30.0,50.0,20.0,1.586532970143974,0.3219901258195633
490,180.0,179.99652398380886,0.1319089435004456,180.0,180.0,0.0,0.005750457719205621,0.9993054354114561
491,180.0,179.9752854694245,0.3527695975700753,180.0,180.0,0.0,0.03120043173421141,0.9950865704171673
492,70.0,85.97652725410191,29.339546548827602,40.0,140.0,100.0,3.125688470121005,0.06668770721323393
493,40.0,45.660237494369824,8.63663208702277,30.0,60.0,30.0,1.9164863061421202,0.23628511134941868
494,50.0,54.00911460957205,13.19735763162099,35.0,80.0,45.0,2.3142967457228774,0.16446991951891615
495,180.0,130.64764141472628,50.394843367880746,40.0,180.0,140.0,2.9603535607868205,0.22732363254312724
496,180.0,179.97528187654723,0.35275482425466653,180.0,180.0,0.0,0.031204355181546933,0.9950852991329701
497,40.0,45.071407254487,8.386681398518414,30.0,60.0,30.0,1.8875639116036667,0.24698001790170446
498,80.0,89.24760877278048,28.499369364060552,40.0,140.0,100.0,3.1206112824376504,0.06326574470886889
499,40.0,42.83285393669217,7.361495179525986,30.0,55.0,25.0,1.7621858120612346,0.28750545162811864
