theta_true,rep,theta_map,theta_mean,theta_sd,hdi_low,hdi_high,hdi_width,covered,bias,abs_error
5.0,0,70.75,64.67828256791222,18.664017872686053,27.75,96.75,69.0,False,65.75,65.75
5.0,1,46.0,48.636688228021356,17.090236907580596,18.5,78.5,60.0,False,41.0,41.0
5.0,2,31.5,39.43144026341278,13.743014647050707,16.75,64.5,47.75,False,26.5,26.5
5.0,3,30.75,38.72138688198677,13.598583966177447,16.5,63.75,47.25,False,25.75,25.75
5.0,4,24.0,28.620785523344725,8.460393731792747,15.0,44.5,29.5,False,19.0,19.0
5.0,5,77.75,71.32660625040323,18.810785484586876,33.75,104.0,70.25,False,72.75,72.75
5.0,6,29.0,36.769265570580394,12.728616715128332,16.0,60.25,44.25,False,24.0,24.0
5.0,7,28.75,36.25410247283749,12.460794850843996,16.0,59.25,43.25,False,23.75,23.75
5.0,8,33.5,41.283202703123216,14.479269036670717,17.25,67.75,50.5,False,28.5,28.5
5.0,9,67.0,61.49181140863516,18.896422458115723,24.75,93.75,69.0,False,62.0,62.0
5.0,10,29.75,37.39763851411902,12.982622065717132,16.25,61.25,45.0,False,24.75,24.75
5.0,11,31.5,39.413399287114586,13.828820804375233,16.75,64.75,48.0,False,26.5,26.5
5.0,12,32.25,40.23969881146679,14.112164388837153,17.0,66.0,49.0,False,27.25,27.25
5.0,13,40.5,46.048535746562486,16.32087669824361,18.0,75.0,57.0,False,35.5,35.5
5.0,14,54.5,53.135572789493516,18.128702823455594,20.0,84.25,64.25,False,49.5,49.5
5.0,15,25.0,30.520416964388463,9.55280868393085,15.25,48.5,33.25,False,20.0,20.0
5.0,16,24.75,30.12073190914224,9.283725573502098,15.25,47.5,32.25,False,19.75,19.75
5.0,17,27.0,33.55178403851271,11.015458682850177,15.75,54.0,38.25,False,22.0,22.0
5.0,18,31.0,39.17773264023139,13.836389683820588,16.5,64.5,48.0,False,26.0,26.0
5.0,19,81.25,75.34572468213156,18.06073953938995,39.5,107.25,67.75,False,76.25,76.25
5.0,20,28.5,36.13245428979231,12.421695911239613,16.0,59.0,43.0,False,23.5,23.5
5.0,21,34.25,41.9594655180602,14.857498727275603,17.0,68.75,51.75,False,29.25,29.25
5.0,22,31.5,39.48808075346237,13.931265637734638,16.5,65.0,48.5,False,26.5,26.5
5.0,23,40.25,45.73384851462073,16.17553134233268,18.0,74.5,56.5,False,35.25,35.25
5.0,24,25.5,31.735444909477458,10.29928109023146,15.25,51.0,35.75,False,20.5,20.5
5.0,25,30.25,38.25439858496747,13.354731017114783,16.5,62.75,46.25,False,25.25,25.25
5.0,26,34.5,42.37697690854866,15.08710986267503,17.25,69.75,52.5,False,29.5,29.5
5.0,27,28.25,35.557864497763546,12.134879558882083,16.0,58.0,42.0,False,23.25,23.25
5.0,28,27.75,34.80847776739209,11.749466029423424,16.0,56.75,40.75,False,22.75,22.75
5.0,29,38.25,44.76877117513174,15.846396382943995,17.75,73.0,55.25,False,33.25,33.25
5.0,30,63.5,58.73448442705274,18.574907596467266,23.25,90.5,67.25,False,58.5,58.5
5.0,31,30.25,38.171430920933545,13.36589215537748,16.25,62.5,46.25,False,25.25,25.25
5.0,32,32.25,40.1902072447267,14.141977451882108,16.75,66.0,49.25,False,27.25,27.25
5.0,33,37.25,44.28152470868222,15.797426519504423,17.5,72.5,55.0,False,32.25,32.25
5.0,34,26.0,32.34586662305579,10.513563539402352,15.5,52.0,36.5,False,21.0,21.0
5.0,35,27.25,34.0475955594289,11.337368737221947,15.75,55.0,39.25,False,22.25,22.25
5.0,36,31.25,39.23756878005879,13.69306172845822,16.75,64.25,47.5,False,26.25,26.25
5.0,37,67.25,61.692004242479605,19.012171473802226,25.0,94.25,69.25,False,62.25,62.25
5.0,38,52.5,51.6305607901571,17.438708363511545,20.0,81.75,61.75,False,47.5,47.5
5.0,39,32.5,40.3543146531405,14.209070593884725,16.75,66.25,49.5,False,27.5,27.5
5.0,40,30.5,38.29618601063415,13.301668437417177,16.5,62.75,46.25,False,25.5,25.5
5.0,41,27.75,34.7566584965854,11.701805329926191,16.0,56.5,40.5,False,22.75,22.75
5.0,42,72.5,66.32826002500668,18.83325179275773,29.0,98.75,69.75,False,67.5,67.5
5.0,43,29.75,37.553776210008614,13.054620660824234,16.25,61.5,45.25,False,24.75,24.75
5.0,44,46.0,48.50917407604477,16.85981628713376,18.75,78.0,59.25,False,41.0,41.0
5.0,45,48.75,49.67637474784666,17.0692840163682,19.25,79.5,60.25,False,43.75,43.75
5.0,46,31.5,39.77102750096396,14.067059529701998,16.75,65.5,48.75,False,26.5,26.5
5.0,47,39.0,45.239967395816706,16.02836886026811,17.75,73.75,56.0,False,34.0,34.0
5.0,48,84.75,79.38277207920682,17.234157227074746,45.75,110.0,64.25,False,79.75,79.75
5.0,49,75.25,69.03603623452136,18.602359741260788,32.0,101.5,69.5,False,70.25,70.25
5.0,50,29.25,36.95501617396634,12.733989512849444,16.25,60.5,44.25,False,24.25,24.25
5.0,51,49.75,50.42628105242857,17.336874578987526,19.5,80.75,61.25,False,44.75,44.75
5.0,52,25.0,30.54590221982904,9.47462728318595,15.25,48.25,33.0,False,20.0,20.0
5.0,53,29.5,37.077254883141975,12.817069870323994,16.25,60.75,44.5,False,24.5,24.5
5.0,54,41.75,46.5839085124916,16.472976838827456,18.0,75.75,57.75,False,36.75,36.75
5.0,55,27.0,33.48205472263734,11.040704541219815,15.75,54.0,38.25,False,22.0,22.0
5.0,56,25.25,30.77925463462198,9.691052626113507,15.25,48.75,33.5,False,20.25,20.25
5.0,57,52.75,51.96704911492753,17.83887052485913,19.75,83.0,63.25,False,47.75,47.75
5.0,58,80.5,74.5668992607801,17.888132704857572,39.0,106.0,67.0,False,75.5,75.5
5.0,59,54.0,52.63500787345902,17.734487833264538,20.25,83.25,63.0,False,49.0,49.0
5.0,60,28.0,35.20747333824951,11.978936714868903,16.0,57.5,41.5,False,23.0,23.0
5.0,61,68.75,62.99691424743111,18.814337012818918,26.25,95.25,69.0,False,63.75,63.75
5.0,62,25.5,31.261872588001317,9.949192832885196,15.25,49.75,34.5,False,20.5,20.5
5.0,63,69.0,63.16309190376716,18.623110699579467,26.75,95.25,68.5,False,64.0,64.0
5.0,64,41.75,46.53395975842519,16.389283587017545,18.25,75.75,57.5,False,36.75,36.75
5.0,65,24.75,29.967128621795325,9.151262563010812,15.25,47.0,31.75,False,19.75,19.75
5.0,66,32.25,40.37389698400188,14.30936753626434,16.75,66.5,49.75,False,27.25,27.25
5.0,67,24.25,28.979779489386672,8.553067619756613,15.25,45.0,29.75,False,19.25,19.25
5.0,68,29.75,37.54412349047349,13.095001240318972,16.25,61.75,45.5,False,24.75,24.75
5.0,69,71.25,65.05234704888706,18.74334930256752,28.0,97.25,69.25,False,66.25,66.25
5.0,70,58.0,55.18872553717122,18.473840210054448,21.0,87.0,66.0,False,53.0,53.0
5.0,71,36.25,43.47946900602333,15.413527672409987,17.5,71.25,53.75,False,31.25,31.25
5.0,72,36.25,43.52382584445647,15.483652184531602,17.5,71.5,54.0,False,31.25,31.25
5.0,73,24.0,28.833502697080892,8.62054277190704,15.0,45.0,30.0,False,19.0,19.0
5.0,74,30.0,37.56128065193894,12.953464489076936,16.5,61.5,45.0,False,25.0,25.0
5.0,75,26.0,32.27138859471733,10.45619830802725,15.5,51.75,36.25,False,21.0,21.0
5.0,76,32.5,40.48654198272719,14.278360539625622,16.75,66.5,49.75,False,27.5,27.5
5.0,77,30.75,38.820659687092935,13.576825921036237,16.5,63.75,47.25,False,25.75,25.75
5.0,78,97.0,93.10557190397876,15.102354925325631,64.5,120.0,55.5,False,92.0,92.0
5.0,79,28.0,35.3195581835239,12.026143354371722,16.0,57.75,41.75,False,23.0,23.0
5.0,80,36.0,43.29866829404114,15.318219965914158,17.5,71.0,53.5,False,31.0,31.0
5.0,81,25.75,31.59294346570161,10.03659275920558,15.5,50.25,34.75,False,20.75,20.75
5.0,82,60.75,56.83194877774672,18.56398499118955,22.0,88.75,66.75,False,55.75,55.75
5.0,83,34.25,42.12882082516689,15.042159097115286,17.0,69.25,52.25,False,29.25,29.25
5.0,84,33.25,41.44358830765075,14.805310681104375,16.75,68.25,51.5,False,28.25,28.25
5.0,85,40.5,45.82105216091733,16.145345980543944,18.0,74.5,56.5,False,35.5,35.5
5.0,86,62.25,57.76028168807406,18.58553615196574,22.5,89.5,67.0,False,57.25,57.25
5.0,87,40.5,46.02097193930377,16.230016845317568,18.0,74.75,56.75,False,35.5,35.5
5.0,88,44.75,47.79370697334154,16.65180378280623,18.5,77.0,58.5,False,39.75,39.75
5.0,89,46.75,48.88477710854304,17.02475763540455,18.75,78.75,60.0,False,41.75,41.75
5.0,90,39.5,45.37147887730118,16.004709430693943,18.0,74.0,56.0,False,34.5,34.5
5.0,91,67.25,61.62058544458607,18.639437983060947,25.25,93.5,68.25,False,62.25,62.25
5.0,92,26.5,33.0270229232202,10.833753437715778,15.75,53.25,37.5,False,21.5,21.5
5.0,93,29.25,36.996747618555844,12.84216664307416,16.25,60.75,44.5,False,24.25,24.25
5.0,94,70.75,64.66980585200106,18.72057794644142,27.75,97.0,69.25,False,65.75,65.75
5.0,95,89.0,84.0476478704096,16.59644229505983,52.0,113.5,61.5,False,84.0,84.0
5.0,96,25.75,31.8734693667607,10.283496536998433,15.5,51.25,35.75,False,20.75,20.75
5.0,97,56.25,54.05661721003828,18.261858396426742,20.5,85.5,65.0,False,51.25,51.25
5.0,98,24.75,29.907069561542848,9.117888800813468,15.25,47.0,31.75,False,19.75,19.75
5.0,99,70.5,64.43230581363834,19.17296877191983,26.75,97.25,70.5,False,65.5,65.5
10.0,0,28.25,34.05892084494901,10.627137845563759,16.5,53.75,37.25,False,18.25,18.25
10.0,1,36.75,41.280941813204855,13.36387565376216,18.25,65.25,47.0,False,26.75,26.75
10.0,2,33.5,39.1275532129161,12.643690958274748,17.75,62.25,44.5,False,23.5,23.5
10.0,3,41.25,43.904130009272244,14.18878316576781,18.75,69.0,50.25,False,31.25,31.25
10.0,4,29.5,35.38799593536208,11.184155854765617,16.75,56.0,39.25,False,19.5,19.5
10.0,5,28.75,34.7598269045029,10.922054775162922,16.75,55.0,38.25,False,18.75,18.75
10.0,6,84.5,81.27763185998822,12.811532193190653,57.0,104.25,47.25,False,74.5,74.5
10.0,7,47.5,47.20539410676929,14.848841943896351,20.25,73.25,53.0,False,37.5,37.5
10.0,8,63.75,58.922503172804035,15.97006371743134,27.5,86.75,59.25,False,53.75,53.75
10.0,9,30.5,36.63733600985787,11.807897463928462,17.0,58.25,41.25,False,20.5,20.5
10.0,10,25.0,29.621403333303142,8.54129366600358,15.75,45.75,30.0,False,15.0,15.0
10.0,11,44.75,45.82712487054401,14.568541088947498,19.75,71.5,51.75,False,34.75,34.75
10.0,12,31.75,37.856829100838574,12.257641015961106,17.25,60.25,43.0,False,21.75,21.75
10.0,13,52.5,50.31253074651097,15.340149177636,21.75,77.0,55.25,False,42.5,42.5
10.0,14,24.75,29.330098391149775,8.378417678843018,15.75,45.0,29.25,False,14.75,14.75
10.0,15,26.25,31.391058993979204,9.4489157087878,16.0,49.0,33.0,False,16.25,16.25
10.0,16,28.25,34.03699069808318,10.57764044208903,16.5,53.5,37.0,False,18.25,18.25
10.0,17,31.25,37.17968397076121,11.947081778956477,17.25,59.25,42.0,False,21.25,21.25
10.0,18,66.25,61.54468739869229,15.595850590284222,30.75,89.0,58.25,False,56.25,56.25
10.0,19,61.5,57.05027580639716,15.71894209453673,26.25,84.25,58.0,False,51.5,51.5
10.0,20,58.25,54.233819005336215,15.607651671367012,24.25,81.25,57.0,False,48.25,48.25
10.0,21,27.0,32.30499425696786,9.76796172266631,16.25,50.5,34.25,False,17.0,17.0
10.0,22,43.5,44.9902017166777,14.354316577202514,19.25,70.25,51.0,False,33.5,33.5
10.0,23,28.5,34.31127197463903,10.719100949910652,16.5,54.0,37.5,False,18.5,18.5
10.0,24,53.75,51.195328913415075,15.505178845607341,22.0,78.0,56.0,False,43.75,43.75
10.0,25,57.75,53.990178005085596,15.585818388264432,24.0,81.0,57.0,False,47.75,47.75
10.0,26,34.75,40.049284708400165,12.920834614975028,18.0,63.5,45.5,False,24.75,24.75
10.0,27,34.5,40.05536385967498,13.093656843806434,17.75,63.75,46.0,False,24.5,24.5
10.0,28,55.5,52.42441588794939,15.703814096438789,22.75,79.75,57.0,False,45.5,45.5
10.0,29,48.0,47.53935081920617,14.867821551134536,20.5,73.75,53.25,False,38.0,38.0
10.0,30,34.75,40.00200460362009,12.965011309563922,17.75,63.25,45.5,False,24.75,24.75
10.0,31,44.5,45.43813081491746,14.352904418849032,19.75,70.75,51.0,False,34.5,34.5
10.0,32,39.0,42.76025256236715,13.864747759846729,18.5,67.5,49.0,False,29.0,29.0
10.0,33,28.0,33.85046024109953,10.617442230134142,16.5,53.5,37.0,False,18.0,18.0
10.0,34,33.0,38.5909343949719,12.40332249969038,17.5,61.0,43.5,False,23.0,23.0
10.0,35,82.75,79.45156320561256,13.249766557781323,54.25,103.25,49.0,False,72.75,72.75
10.0,36,56.25,52.87326643414588,15.576246146949826,23.25,80.0,56.75,False,46.25,46.25
10.0,37,66.0,61.37786183210679,15.525374340148032,30.75,88.75,58.0,False,56.0,56.0
10.0,38,25.5,30.362325255049115,8.878368073337528,16.0,47.0,31.0,False,15.5,15.5
10.0,39,29.0,35.05739657814321,11.08715580962306,16.75,55.5,38.75,False,19.0,19.0
10.0,40,53.75,51.140937607971956,15.213771132721343,22.5,77.5,55.0,False,43.75,43.75
10.0,41,30.25,36.29389683794651,11.68267399197496,16.75,57.75,41.0,False,20.25,20.25
10.0,42,28.25,34.12996466659869,10.64173742037123,16.5,53.75,37.25,False,18.25,18.25
10.0,43,74.75,70.44908211154684,14.790946671783434,41.5,96.75,55.25,False,64.75,64.75
10.0,44,54.0,51.20703037257519,15.307456891457056,22.25,77.75,55.5,False,44.0,44.0
10.0,45,38.75,42.356894409654934,13.663492917541504,18.5,66.75,48.25,False,28.75,28.75
10.0,46,27.75,33.23109302169541,10.247566048568961,16.5,52.25,35.75,False,17.75,17.75
10.0,47,24.5,28.599397507010995,7.971877155347377,15.5,43.5,28.0,False,14.5,14.5
10.0,48,29.5,35.6279059935766,11.354564645793635,16.75,56.5,39.75,False,19.5,19.5
10.0,49,30.0,36.11163714293504,11.660405652671285,16.75,57.5,40.75,False,20.0,20.0
10.0,50,26.25,31.21917939473427,9.305379972727021,16.0,48.5,32.5,False,16.25,16.25
10.0,51,33.5,39.12226117862865,12.688139546061572,17.5,62.0,44.5,False,23.5,23.5
10.0,52,45.0,45.86478323963591,14.520881700726829,19.75,71.5,51.75,False,35.0,35.0
10.0,53,27.5,32.94929997516088,10.08668849022411,16.5,51.75,35.25,False,17.5,17.5
10.0,54,27.75,33.120179634540676,10.112118604742234,16.5,52.0,35.5,False,17.75,17.75
10.0,55,26.0,31.090659349010537,9.231101122549035,16.0,48.25,32.25,False,16.0,16.0
10.0,56,28.5,34.434891627897855,10.810816269423096,16.5,54.25,37.75,False,18.5,18.5
10.0,57,34.0,39.437465793174184,12.672603224897426,17.75,62.25,44.5,False,24.0,24.0
10.0,58,44.25,45.48568534010183,14.50542801935265,19.5,71.0,51.5,False,34.25,34.25
10.0,59,33.75,39.48306386233046,12.807960579921081,17.75,62.75,45.0,False,23.75,23.75
10.0,60,27.75,33.7617990759287,10.647207463907142,16.25,53.5,37.25,False,17.75,17.75
10.0,61,40.75,43.74166356239017,14.239527497973109,18.75,69.0,50.25,False,30.75,30.75
10.0,62,91.25,88.82693976084073,11.391446546364824,67.5,109.5,42.0,False,81.25,81.25
10.0,63,27.25,32.93058811585034,10.134096758405093,16.25,51.75,35.5,False,17.25,17.25
10.0,64,25.5,30.3834889099273,8.88861009953829,16.0,47.0,31.0,False,15.5,15.5
10.0,65,25.75,30.847423365210265,9.15903800843454,16.0,48.0,32.0,False,15.75,15.75
10.0,66,31.0,36.79661219396384,11.697962735146056,17.25,58.25,41.0,False,21.0,21.0
10.0,67,70.0,65.2701362356971,15.246539631156828,35.25,92.25,57.0,False,60.0,60.0
10.0,68,39.0,42.780212104751016,13.96430483369607,18.5,67.75,49.25,False,29.0,29.0
10.0,69,49.0,47.94766954919679,14.85959552820162,20.75,74.0,53.25,False,39.0,39.0
10.0,70,30.5,36.59096020158507,11.664843310135815,17.0,58.0,41.0,False,20.5,20.5
10.0,71,53.75,51.0471415474915,15.319983302036741,22.25,77.75,55.5,False,43.75,43.75
10.0,72,48.75,47.994725923426174,14.847873896470684,20.75,74.0,53.25,False,38.75,38.75
10.0,73,24.75,28.958894540800408,8.149466372323149,15.75,44.25,28.5,False,14.75,14.75
10.0,74,30.5,36.71930986192472,11.853082760712748,17.0,58.5,41.5,False,20.5,20.5
10.0,75,31.5,37.55026163782874,12.066106545278924,17.25,59.5,42.25,False,21.5,21.5
10.0,76,46.25,46.463107035249394,14.523733580091797,20.25,72.0,51.75,False,36.25,36.25
10.0,77,43.0,44.83258592620045,14.337283519973392,19.25,70.0,50.75,False,33.0,33.0
10.0,78,27.25,32.826948707990454,10.126058131057452,16.25,51.75,35.5,False,17.25,17.25
10.0,79,63.25,58.67830147104551,15.75637321847199,27.75,86.25,58.5,False,53.25,53.25
10.0,80,28.25,34.159632454209515,10.695062957251197,16.5,54.0,37.5,False,18.25,18.25
10.0,81,27.5,33.23042790270754,10.342928883071448,16.25,52.5,36.25,False,17.5,17.5
10.0,82,28.75,34.47125677395983,10.785933855404151,16.75,54.5,37.75,False,18.75,18.75
10.0,83,34.0,39.65966028904484,12.968699569388999,17.75,63.25,45.5,False,24.0,24.0
10.0,84,29.0,35.060586257828206,11.095753291364792,16.75,55.5,38.75,False,19.0,19.0
10.0,85,50.0,48.779515339953385,15.091797850453291,21.0,75.0,54.0,False,40.0,40.0
10.0,86,31.0,37.08485889217567,11.90190606693082,17.25,59.0,41.75,False,21.0,21.0
10.0,87,26.0,30.991998614770125,9.265865256655978,16.0,48.5,32.5,False,16.0,16.0
10.0,88,55.25,52.085718644674536,15.507445230425073,22.75,79.0,56.25,False,45.25,45.25
10.0,89,25.5,30.097366774037116,8.674561938628797,16.0,46.25,30.25,False,15.5,15.5
10.0,90,25.5,30.54749538655136,9.096915631933745,15.75,47.5,31.75,False,15.5,15.5
10.0,91,30.75,36.59123646970283,11.675674950497468,17.0,58.0,41.0,False,20.75,20.75
10.0,92,61.0,56.750387521646694,15.700024450838502,26.25,84.0,57.75,False,51.0,51.0
10.0,93,28.75,34.45512055569521,10.73450041724571,16.75,54.25,37.5,False,18.75,18.75
10.0,94,36.0,40.95379628149324,13.233296639419224,18.25,64.75,46.5,False,26.0,26.0
10.0,95,33.75,39.31364592385704,12.682584894202883,17.75,62.25,44.5,False,23.75,23.75
10.0,96,26.75,32.20868254210367,9.903829860021656,16.0,50.5,34.5,False,16.75,16.75
10.0,97,43.0,44.64688124897425,14.137196424593217,19.5,69.75,50.25,False,33.0,33.0
10.0,98,42.5,44.52994894281352,14.275614114556953,19.25,69.75,50.5,False,32.5,32.5
10.0,99,71.5,67.02798594265185,15.054558132644148,37.5,93.75,56.25,False,61.5,61.5
15.0,0,60.0,56.46387728762446,15.404220479785314,26.75,83.25,56.5,False,45.0,45.0
15.0,1,27.0,31.089646019780993,8.168524647737241,17.5,46.25,28.75,False,12.0,12.0
15.0,2,85.5,82.64040676747689,12.329448396952612,59.25,104.75,45.5,False,70.5,70.5
15.0,3,29.25,33.967925592448175,9.503367368267238,18.25,51.75,33.5,False,14.25,14.25
15.0,4,26.25,30.02682403026882,7.613324486770234,17.5,44.25,26.75,False,11.25,11.25
15.0,5,29.5,34.48310822281951,9.702662729452788,18.25,52.5,34.25,False,14.5,14.5
15.0,6,80.0,76.75665194734853,13.104177702770253,51.75,100.25,48.5,False,65.0,65.0
15.0,7,33.25,38.38931197831477,11.33263855174687,19.25,59.25,40.0,False,18.25,18.25
15.0,8,31.25,36.39758239729386,10.525214387075716,18.75,55.75,37.0,False,16.25,16.25
15.0,9,32.75,37.97908958542108,11.018845396543513,19.25,58.25,39.0,False,17.75,17.75
15.0,10,55.25,52.96991554328034,14.986354096581916,24.75,79.25,54.5,False,40.25,40.25
15.0,11,29.25,33.94195069074582,9.430644083205205,18.25,51.5,33.25,False,14.25,14.25
15.0,12,62.25,58.246467391361705,15.231177757205085,28.75,85.0,56.25,False,47.25,47.25
15.0,13,62.25,58.2620971272862,14.97210303992657,29.25,84.5,55.25,False,47.25,47.25
15.0,14,27.0,31.207083664056032,8.271550582878056,17.5,46.75,29.25,False,12.0,12.0
15.0,15,32.5,37.867542991115485,11.132608491576283,19.25,58.5,39.25,False,17.5,17.5
15.0,16,63.5,59.355252123279186,15.401430774943972,29.25,86.25,57.0,False,48.5,48.5
15.0,17,29.25,33.95977728379811,9.474855118859187,18.25,51.5,33.25,False,14.25,14.25
15.0,18,61.25,57.54313560574617,15.229312723881081,28.25,84.25,56.0,False,46.25,46.25
15.0,19,36.0,40.75931393677823,12.080567112206733,20.0,62.75,42.75,False,21.0,21.0
15.0,20,33.25,38.3683764373254,11.207988266713471,19.5,59.0,39.5,False,18.25,18.25
15.0,21,30.25,35.459829921572094,10.165853416354041,18.5,54.25,35.75,False,15.25,15.25
15.0,22,31.25,36.53891926592702,10.581378768107264,18.75,56.0,37.25,False,16.25,16.25
15.0,23,27.0,31.140025383298177,8.151042999860422,17.75,46.5,28.75,False,12.0,12.0
15.0,24,44.5,46.121481751524165,13.625962578612134,21.75,70.5,48.75,False,29.5,29.5
15.0,25,48.25,48.437269453792915,14.204103071328836,22.5,73.5,51.0,False,33.25,33.25
15.0,26,40.5,43.96609739477783,13.158720597275687,21.0,67.75,46.75,False,25.5,25.5
15.0,27,31.0,36.08881630265704,10.402993603266793,18.75,55.5,36.75,False,16.0,16.0
15.0,28,26.25,29.808309223850788,7.467303230866567,17.5,43.75,26.25,False,11.25,11.25
15.0,29,54.25,52.16531914271168,14.823479595516055,24.5,78.25,53.75,False,39.25,39.25
15.0,30,35.5,40.61040053231584,12.246094894395009,19.75,63.0,43.25,False,20.5,20.5
15.0,31,46.5,47.37686609664916,13.973852411000106,22.25,72.25,50.0,False,31.5,31.5
15.0,32,29.0,33.78182322754337,9.44909928324661,18.25,51.5,33.25,False,14.0,14.0
15.0,33,37.75,42.213374542676505,12.673844186713929,20.25,65.25,45.0,False,22.75,22.75
15.0,34,55.25,52.968571795725396,14.805763394774178,25.0,78.75,53.75,False,40.25,40.25
15.0,35,51.75,50.479354888303476,14.373020057904721,23.75,75.75,52.0,False,36.75,36.75
15.0,36,32.0,37.37816812050349,10.971236583423815,19.0,57.75,38.75,False,17.0,17.0
15.0,37,71.25,66.88603501073729,14.86152084573875,37.75,93.25,55.5,False,56.25,56.25
15.0,38,32.75,38.20903158718953,11.394142255466049,19.0,59.25,40.25,False,17.75,17.75
15.0,39,26.75,30.681532057137805,7.916402699844818,17.5,45.5,28.0,False,11.75,11.75
15.0,40,40.5,43.904934793801544,13.098278508435595,21.0,67.5,46.5,False,25.5,25.5
15.0,41,62.5,58.652021665693105,15.141620516542446,29.25,85.25,56.0,False,47.5,47.5
15.0,42,32.25,37.50124159265747,10.939737480392418,19.0,57.5,38.5,False,17.25,17.25
15.0,43,27.5,31.787283806550686,8.44461750261256,17.75,47.5,29.75,False,12.5,12.5
15.0,44,37.25,41.837818920404224,12.475752678543405,20.25,64.5,44.25,False,22.25,22.25
15.0,45,50.25,49.68665170929868,14.517420065683961,23.0,75.25,52.25,False,35.25,35.25
15.0,46,38.0,42.455562552494285,12.713785513701026,20.5,65.5,45.0,False,23.0,23.0
15.0,47,71.25,66.91429490072169,14.698894094659794,38.0,93.0,55.0,False,56.25,56.25
15.0,48,50.75,49.83526706663927,14.456815606058305,23.25,75.25,52.0,False,35.75,35.75
15.0,49,35.0,39.97667594343124,11.904853413931988,19.75,61.75,42.0,False,20.0,20.0
15.0,50,40.0,43.51764866799686,12.959428158389716,20.75,66.75,46.0,False,25.0,25.0
15.0,51,71.0,66.90570640336148,14.601752193897592,38.25,92.75,54.5,False,56.0,56.0
15.0,52,27.75,32.14024876428432,8.633919545392585,17.75,48.25,30.5,False,12.75,12.75
15.0,53,40.5,43.807131774199625,12.99773929850539,21.0,67.25,46.25,False,25.5,25.5
15.0,54,53.25,51.52547293311804,14.735096282318274,24.0,77.25,53.25,False,38.25,38.25
15.0,55,27.0,31.038315125197414,8.098570832570953,17.75,46.25,28.5,False,12.0,12.0
15.0,56,36.25,40.89920733614584,12.136036937240133,20.0,63.0,43.0,False,21.25,21.25
15.0,57,30.0,34.92523225347828,9.963265537098495,18.5,53.5,35.0,False,15.0,15.0
15.0,58,34.75,39.75934457579969,11.82819060209521,19.5,61.25,41.75,False,19.75,19.75
15.0,59,27.0,31.00313741550806,8.060422552215389,17.75,46.25,28.5,False,12.0,12.0
15.0,60,28.75,33.56341804676417,9.353411352063112,18.0,51.0,33.0,False,13.75,13.75
15.0,61,61.75,57.86499359089675,15.185092513507442,28.5,84.5,56.0,False,46.75,46.75
15.0,62,37.0,41.83785528042109,12.620270842385395,20.0,64.75,44.75,False,22.0,22.0
15.0,63,51.0,50.07213253005096,14.365906253403727,23.5,75.25,51.75,False,36.0,36.0
15.0,64,29.0,33.55644621491116,9.243747217613643,18.25,50.75,32.5,False,14.0,14.0
15.0,65,78.0,74.59901390929187,13.37357785212857,48.75,98.5,49.75,False,63.0,63.0
15.0,66,47.25,47.80431839087326,14.02615876969375,22.5,72.75,50.25,False,32.25,32.25
15.0,67,30.0,35.00513509614359,9.82630134066847,18.5,53.25,34.75,False,15.0,15.0
15.0,68,49.0,48.85909994657958,14.169782897611013,23.0,74.0,51.0,False,34.0,34.0
15.0,69,38.5,42.66687156269845,12.822884648069438,20.5,66.0,45.5,False,23.5,23.5
15.0,70,36.25,41.19912477435142,12.427062453761353,19.75,63.75,44.0,False,21.25,21.25
15.0,71,30.25,35.18064256225444,10.003481378024137,18.5,53.75,35.25,False,15.25,15.25
15.0,72,69.5,65.19679025859735,14.871955727906512,36.0,91.5,55.5,False,54.5,54.5
15.0,73,44.25,46.10280473124677,13.704951375779522,21.5,70.5,49.0,False,29.25,29.25
15.0,74,38.25,42.582729611325355,12.79774555385853,20.25,65.75,45.5,False,23.25,23.25
15.0,75,28.25,32.87760621355087,8.99027712254884,18.0,49.75,31.75,False,13.25,13.25
15.0,76,43.25,45.59292691328757,13.604470110153649,21.5,70.0,48.5,False,28.25,28.25
15.0,77,40.25,43.750716023275764,13.09050763439726,20.75,67.25,46.5,False,25.25,25.25
15.0,78,43.0,45.47249205285968,13.578769873802585,21.25,69.75,48.5,False,28.0,28.0
15.0,79,35.25,40.191165706984,11.948329683579429,19.75,62.0,42.25,False,20.25,20.25
15.0,80,30.75,35.90124790653398,10.243611595204113,18.75,55.0,36.25,False,15.75,15.75
15.0,81,45.0,46.67929631726594,13.820779432077202,22.0,71.5,49.5,False,30.0,30.0
15.0,82,47.5,48.040805129890366,14.222948344649126,22.25,73.25,51.0,False,32.5,32.5
15.0,83,53.75,52.00449582178747,14.761322990845397,24.5,78.0,53.5,False,38.75,38.75
15.0,84,77.5,73.89204259815182,13.66798123349304,47.5,98.25,50.75,False,62.5,62.5
15.0,85,41.75,44.57112633620517,13.303561241237853,21.0,68.25,47.25,False,26.75,26.75
15.0,86,63.5,59.380830976091126,15.264758498138951,29.75,86.25,56.5,False,48.5,48.5
15.0,87,57.75,54.758485695114054,15.0346772880321,26.0,81.0,55.0,False,42.75,42.75
15.0,88,36.25,41.0024796994101,12.187614969869752,20.0,63.25,43.25,False,21.25,21.25
15.0,89,59.25,55.911916493152425,15.06657543899618,27.0,82.25,55.25,False,44.25,44.25
15.0,90,32.5,37.88877265624327,11.196355266686664,19.0,58.5,39.5,False,17.5,17.5
15.0,91,28.0,32.28169564613009,8.70941682383683,18.0,48.75,30.75,False,13.0,13.0
15.0,92,36.25,41.066334092543606,12.281178210103604,20.0,63.5,43.5,False,21.25,21.25
15.0,93,30.25,35.175930143130856,9.97756385094319,18.5,53.75,35.25,False,15.25,15.25
15.0,94,28.0,32.65528353566791,8.939083222900893,18.0,49.5,31.5,False,13.0,13.0
15.0,95,37.75,42.07325616292507,12.618669792424544,20.25,65.0,44.75,False,22.75,22.75
15.0,96,31.5,36.77820067760708,10.747547876264223,18.75,56.75,38.0,False,16.5,16.5
15.0,97,28.25,32.74995575091112,8.902707029446239,18.0,49.25,31.25,False,13.25,13.25
15.0,98,69.25,65.01766635701887,14.848614681346318,35.75,91.25,55.5,False,54.25,54.25
15.0,99,31.75,36.83070462158142,10.614926998554038,19.0,56.5,37.5,False,16.75,16.75
17.25,0,35.75,40.55782745683891,11.476449228159783,21.0,61.75,40.75,False,18.5,18.5
17.25,1,49.0,49.327520344829416,13.81986368724415,24.0,73.75,49.75,False,31.75,31.75
17.25,2,45.75,47.31993023552921,13.223355763989154,23.5,71.0,47.5,False,28.5,28.5
17.25,3,29.25,33.403865897140214,8.468971162094546,19.25,49.25,30.0,False,12.0,12.0
17.25,4,54.5,52.86046977062475,14.09024935459548,26.5,77.75,51.25,False,37.25,37.25
17.25,5,57.0,54.54566949928655,14.323268112548357,27.25,79.75,52.5,False,39.75,39.75
17.25,6,33.0,37.6572014144002,10.271114930853896,20.25,56.75,36.5,False,15.75,15.75
17.25,7,37.25,41.856793117131836,11.92286375677242,21.25,63.5,42.25,False,20.0,20.0
17.25,8,56.5,54.19974850537512,14.346993442722004,27.0,79.5,52.5,False,39.25,39.25
17.25,9,48.25,48.819976011065535,13.600575230698889,24.0,73.0,49.0,False,31.0,31.0
17.25,10,53.75,52.36193223946376,14.276826978515539,25.75,77.5,51.75,False,36.5,36.5
17.25,11,56.0,53.89712558126463,14.532653490740033,26.5,79.5,53.0,False,38.75,38.75
17.25,12,32.75,37.59887324870158,10.289916158598743,20.25,56.75,36.5,False,15.5,15.5
17.25,13,33.5,38.28110282255899,10.5797080368495,20.5,58.0,37.5,False,16.25,16.25
17.25,14,32.0,36.68955936511247,9.911705084271182,20.0,55.0,35.0,False,14.75,14.75
17.25,15,54.75,53.07192122810256,14.28314112485615,26.25,78.25,52.0,False,37.5,37.5
17.25,16,65.75,61.852692466210435,14.732427440023244,33.25,88.0,54.75,False,48.5,48.5
17.25,17,31.5,36.069459722203405,9.670329632525396,19.75,54.0,34.25,False,14.25,14.25
17.25,18,36.5,41.0529085765438,11.696934167391277,21.0,62.5,41.5,False,19.25,19.25
17.25,19,43.25,45.873484244562206,13.075642619086626,22.75,69.5,46.75,False,26.0,26.0
17.25,20,34.0,38.99094725120099,10.876042169899069,20.5,59.0,38.5,False,16.75,16.75
17.25,21,32.25,37.03066231327419,10.118351373678843,20.0,55.75,35.75,False,15.0,15.0
17.25,22,28.5,32.21643068192318,8.033090921169105,18.75,47.25,28.5,False,11.25,11.25
17.25,23,65.25,61.48579437703691,14.57817388937139,33.0,87.25,54.25,False,48.0,48.0
17.25,24,36.75,41.254378714609295,11.623488813331512,21.25,62.5,41.25,False,19.5,19.5
17.25,25,56.25,53.95715260377832,14.358765698588018,26.75,79.25,52.5,False,39.0,39.0
17.25,26,31.75,36.5666730921611,9.946764548541907,19.75,55.0,35.25,False,14.5,14.5
17.25,27,32.25,36.88790080183256,9.940374443898675,20.25,55.5,35.25,False,15.0,15.0
17.25,28,36.5,41.13526566529615,11.62855724804771,21.25,62.5,41.25,False,19.25,19.25
17.25,29,43.75,46.085054800206905,13.013384967406072,23.0,69.5,46.5,False,26.5,26.5
17.25,30,74.25,70.46847792356711,14.100010394621078,43.0,95.75,52.75,False,57.0,57.0
17.25,31,38.0,42.26326303054445,11.99486895634911,21.5,64.25,42.75,False,20.75,20.75
17.25,32,35.5,40.13530355748369,11.237147455145642,21.0,61.0,40.0,False,18.25,18.25
17.25,33,35.0,39.84251721384795,11.194870783184449,20.75,60.5,39.75,False,17.75,17.75
17.25,34,40.0,43.63641717579361,12.263347498180975,22.25,66.0,43.75,False,22.75,22.75
17.25,35,30.75,35.10499123739302,9.245187859683424,19.75,52.5,32.75,False,13.5,13.5
17.25,36,82.25,79.37268292894368,12.328340031722382,55.75,101.5,45.75,False,65.0,65.0
17.25,37,38.75,42.80875093338399,12.110449516211158,21.75,64.75,43.0,False,21.5,21.5
17.25,38,58.25,55.52019772906578,14.628799190346227,27.75,81.25,53.5,False,41.0,41.0
17.25,39,52.75,51.48147903752431,13.861345759713256,25.75,76.0,50.25,False,35.5,35.5
17.25,40,52.5,51.52811864610439,14.25779457992628,25.25,76.75,51.5,False,35.25,35.25
17.25,41,53.25,51.9623659004159,14.204746644427281,25.5,77.0,51.5,False,36.0,36.0
17.25,42,64.5,60.63647080293403,14.549673229270512,32.25,86.25,54.0,False,47.25,47.25
17.25,43,34.25,39.12374978930849,10.94903582113549,20.5,59.25,38.75,False,17.0,17.0
17.25,44,51.0,50.55144304241845,13.93244397516414,25.0,75.25,50.25,False,33.75,33.75
17.25,45,36.0,40.39460134946972,11.232082172926,21.0,61.0,40.0,False,18.75,18.75
17.25,46,65.0,61.09814593852578,14.648958319628788,32.5,87.0,54.5,False,47.75,47.75
17.25,47,34.75,39.48648182537927,11.008185831310449,20.75,59.75,39.0,False,17.5,17.5
17.25,48,36.0,40.49347156481722,11.308136180199353,21.0,61.25,40.25,False,18.75,18.75
17.25,49,40.5,44.11114447257777,12.429752743788885,22.25,66.5,44.25,False,23.25,23.25
17.25,50,65.5,61.60815897224101,14.500876288350824,33.25,87.25,54.0,False,48.25,48.25
17.25,51,42.0,45.0808383615495,12.928733746430217,22.25,68.5,46.25,False,24.75,24.75
17.25,52,34.25,39.1432843874456,10.925402163481346,20.5,59.25,38.75,False,17.0,17.0
17.25,53,30.0,34.21756746120801,8.816820156328747,19.5,50.75,31.25,False,12.75,12.75
17.25,54,34.0,38.904904934409046,10.785317771792249,20.5,58.75,38.25,False,16.75,16.75
17.25,55,32.5,37.126713773264285,10.047688623309236,20.25,55.75,35.5,False,15.25,15.25
17.25,56,39.75,43.460024351269546,12.35286880468198,22.0,66.0,44.0,False,22.5,22.5
17.25,57,32.25,37.03249770741799,10.176504407843447,20.0,56.0,36.0,False,15.0,15.0
17.25,58,51.25,50.64452903385285,13.837272412262179,25.25,75.25,50.0,False,34.0,34.0
17.25,59,30.75,35.070730692086215,9.247564958313946,19.5,52.25,32.75,False,13.5,13.5
17.25,60,60.75,57.50715813222387,14.444970879474747,29.75,83.0,53.25,False,43.5,43.5
17.25,61,35.5,40.153978290915326,11.226041371730672,21.0,60.75,39.75,False,18.25,18.25
17.25,62,33.75,38.54449904883293,10.752266048225543,20.25,58.25,38.0,False,16.5,16.5
17.25,63,37.25,41.7944791778611,11.957292899562537,21.25,63.75,42.5,False,20.0,20.0
17.25,64,34.5,39.266335068079215,10.967072110497648,20.5,59.5,39.0,False,17.25,17.25
17.25,65,29.0,32.86526876713419,8.21652797971147,19.25,48.25,29.0,False,11.75,11.75
17.25,66,70.5,66.59002955037384,14.332258083007439,38.5,92.0,53.5,False,53.25,53.25
17.25,67,29.75,33.8684617992286,8.569109796515088,19.5,49.75,30.25,False,12.5,12.5
17.25,68,33.5,38.181686269989704,10.469169881506318,20.5,57.5,37.0,False,16.25,16.25
17.25,69,31.0,35.76303593276896,9.656580521783734,19.5,53.75,34.25,False,13.75,13.75
17.25,70,32.25,36.98665307103968,10.043511113054613,20.0,55.5,35.5,False,15.0,15.0
17.25,71,63.25,59.60083696469706,14.512999938353813,31.5,85.25,53.75,False,46.0,46.0
17.25,72,54.0,52.52353292918999,14.377351260357814,25.75,78.0,52.25,False,36.75,36.75
17.25,73,42.25,45.30998137963342,12.98308483149014,22.5,68.75,46.25,False,25.0,25.0
17.25,74,34.25,38.99829643466442,10.812115994809917,20.75,59.0,38.25,False,17.0,17.0
17.25,75,49.75,49.76283744434138,13.73253006869958,24.5,74.0,49.5,False,32.5,32.5
17.25,76,83.0,80.05910037602723,12.412164871738018,56.5,102.5,46.0,False,65.75,65.75
17.25,77,25.25,27.54097050606827,5.6507150611777055,18.0,38.25,20.25,False,8.0,8.0
17.25,78,35.25,40.00971840571987,11.15676761626525,21.0,60.5,39.5,False,18.0,18.0
17.25,79,32.0,36.57089126084659,9.885463656587232,20.0,55.0,35.0,False,14.75,14.75
17.25,80,35.75,40.3166820202594,11.339187046208215,21.0,61.25,40.25,False,18.5,18.5
17.25,81,37.0,41.32684191941504,11.549317934843405,21.5,62.5,41.0,False,19.75,19.75
17.25,82,45.75,47.42874347097135,13.553317007429962,23.25,71.75,48.5,False,28.5,28.5
17.25,83,40.25,44.048363092282266,12.557144382804683,22.0,66.75,44.75,False,23.0,23.0
17.25,84,27.25,30.700732248843916,7.230590663825369,18.5,44.25,25.75,False,10.0,10.0
17.25,85,29.25,33.27036288666469,8.485842256187004,19.25,49.25,30.0,False,12.0,12.0
17.25,86,61.75,58.34790276512109,14.628943786113192,30.0,84.0,54.0,False,44.5,44.5
17.25,87,35.5,40.26295518242355,11.321733369885559,20.75,61.0,40.25,False,18.25,18.25
17.25,88,56.0,53.8759469506864,14.358347962960904,26.75,79.0,52.25,False,38.75,38.75
17.25,89,48.0,48.62995207405732,13.519157177062446,24.0,72.75,48.75,False,30.75,30.75
17.25,90,47.0,47.95882986740002,13.381076316636081,23.75,71.75,48.0,False,29.75,29.75
17.25,91,56.75,54.453255490783796,14.418903213632946,27.25,80.0,52.75,False,39.5,39.5
17.25,92,33.25,38.1319285381628,10.522441640272344,20.25,57.5,37.25,False,16.0,16.0
17.25,93,58.25,55.63022803077672,14.643392724709548,27.75,81.25,53.5,False,41.0,41.0
17.25,94,29.25,33.18551662889545,8.332706847114867,19.25,48.75,29.5,False,12.0,12.0
17.25,95,34.5,39.502979464031405,11.136434248708438,20.5,60.0,39.5,False,17.25,17.25
17.25,96,60.75,57.599507648106695,14.493074932115364,29.75,83.25,53.5,False,43.5,43.5
17.25,97,28.25,31.916631759475965,7.898161810280897,18.75,46.75,28.0,False,11.0,11.0
17.25,98,47.75,48.633490297818376,13.605795731001946,24.0,73.0,49.0,False,30.5,30.5
17.25,99,29.5,33.48069956228949,8.561883795457794,19.25,49.5,30.25,False,12.25,12.25
20.0,0,35.75,39.637214581477174,9.961068131421397,22.5,58.0,35.5,False,15.75,15.75
20.0,1,47.25,48.07687124154592,12.368160175069713,25.5,70.25,44.75,False,27.25,27.25
20.0,2,31.0,34.68237230179143,8.220090863734333,20.75,50.0,29.25,False,11.0,11.0
20.0,3,33.5,37.5572456592768,9.424634749301667,21.5,55.0,33.5,False,13.5,13.5
20.0,4,43.5,45.81760242445593,11.936634208350448,24.5,67.5,43.0,False,23.5,23.5
20.0,5,34.75,38.71400612246854,9.817531129300338,22.0,57.0,35.0,False,14.75,14.75
20.0,6,34.25,38.30612440642031,9.610602246053483,22.0,56.25,34.25,False,14.25,14.25
20.0,7,33.5,37.548119178456176,9.357900085138915,21.75,55.0,33.25,False,13.5,13.5
20.0,8,36.25,40.12365421310072,10.277284734226559,22.5,59.25,36.75,False,16.25,16.25
20.0,9,42.5,44.99888092270621,11.711360298257443,24.25,66.25,42.0,False,22.5,22.5
20.0,10,40.75,43.70722993729833,11.37764534736823,23.75,64.5,40.75,False,20.75,20.75
20.0,11,47.5,48.218487568092655,12.404755898786204,25.5,70.5,45.0,False,27.5,27.5
20.0,12,31.25,34.94454405206404,8.390996763972078,20.75,50.75,30.0,False,11.25,11.25
20.0,13,29.5,32.65710584026857,7.331212665613374,20.25,46.5,26.25,False,9.5,9.5
20.0,14,33.5,37.48993902357827,9.41655783237792,21.5,55.0,33.5,False,13.5,13.5
20.0,15,60.0,57.370202427216405,13.360929503218406,31.75,81.25,49.5,False,40.0,40.0
20.0,16,35.5,39.750689285246466,10.32585417000916,22.0,58.75,36.75,False,15.5,15.5
20.0,17,54.25,52.79879557017172,13.135718374253928,28.25,76.25,48.0,False,34.25,34.25
20.0,18,39.5,42.867351203280165,11.161841441525022,23.25,63.25,40.0,False,19.5,19.5
20.0,19,35.25,39.29668451297413,10.033933050537074,22.0,57.75,35.75,False,15.25,15.25
20.0,20,29.75,33.03534152260872,7.513360901002655,20.5,47.25,26.75,False,9.75,9.75
20.0,21,44.0,45.976341076765294,12.004450509032951,24.5,67.75,43.25,False,24.0,24.0
20.0,22,32.0,35.82837755899201,8.62325478299656,21.25,52.0,30.75,False,12.0,12.0
20.0,23,29.0,31.926278241969797,6.975356347060529,20.25,45.25,25.0,False,9.0,9.0
20.0,24,47.0,48.032531270908514,12.5490710114121,25.25,70.5,45.25,False,27.0,27.0
20.0,25,34.0,37.897796082904755,9.463592862747845,21.75,55.5,33.75,False,14.0,14.0
20.0,26,28.5,31.42803384172441,6.77148476835549,20.0,44.25,24.25,True,8.5,8.5
20.0,27,36.5,40.58087227669806,10.487318336383419,22.5,60.0,37.5,False,16.5,16.5
20.0,28,31.25,34.82868407833702,8.156811252255396,21.0,50.0,29.0,False,11.25,11.25
20.0,29,41.75,44.430993346614244,11.583885306462875,24.0,65.5,41.5,False,21.75,21.75
20.0,30,45.75,47.105174082895985,12.27840963064493,25.0,69.25,44.25,False,25.75,25.75
20.0,31,31.75,35.39015362457702,8.552863453853222,21.0,51.5,30.5,False,11.75,11.75
20.0,32,33.0,36.800086308015175,9.04571837819455,21.5,53.75,32.25,False,13.0,13.0
20.0,33,33.0,36.94000926197588,9.181322627938707,21.25,54.0,32.75,False,13.0,13.0
20.0,34,33.5,37.49153374319188,9.353386440878774,21.5,54.75,33.25,False,13.5,13.5
20.0,35,29.25,32.565448099724,7.327220577503791,20.25,46.25,26.0,False,9.25,9.25
20.0,36,35.0,38.78435156093378,9.699634161136709,22.0,56.75,34.75,False,15.0,15.0
20.0,37,33.75,37.53769968531943,9.243533436434763,21.75,54.75,33.0,False,13.75,13.75
20.0,38,36.0,39.9925570205199,10.31883363561948,22.25,59.0,36.75,False,16.0,16.0
20.0,39,52.0,51.218994611588315,13.131410596143017,26.75,74.5,47.75,False,32.0,32.0
20.0,40,34.75,38.83951509932219,9.862206040354469,22.0,57.25,35.25,False,14.75,14.75
20.0,41,38.5,41.95874695967022,10.878764619315787,23.0,62.0,39.0,False,18.5,18.5
20.0,42,52.75,51.791164062748756,12.965228911367776,27.5,74.75,47.25,False,32.75,32.75
20.0,43,69.0,65.60289888516186,13.192438390690443,40.0,89.25,49.25,False,49.0,49.0
20.0,44,36.5,40.48367268883183,10.375451919037147,22.5,59.5,37.0,False,16.5,16.5
20.0,45,40.25,43.377742997526276,11.31341470839126,23.5,64.0,40.5,False,20.25,20.25
20.0,46,32.0,35.76426025304182,8.579272477437364,21.25,51.75,30.5,False,12.0,12.0
20.0,47,33.0,36.953547333193505,9.07531714175068,21.5,53.75,32.25,False,13.0,13.0
20.0,48,52.25,51.3728133537291,12.77476673708798,27.5,74.0,46.5,False,32.25,32.25
20.0,49,33.5,37.29216474552325,9.195201783642213,21.75,54.5,32.75,False,13.5,13.5
20.0,50,40.0,43.302137373149435,11.388466157605633,23.25,64.0,40.75,False,20.0,20.0
20.0,51,51.0,50.7407753360632,13.082230202965912,26.5,74.0,47.5,False,31.0,31.0
20.0,52,50.0,49.80845670485872,12.651965228426564,26.5,72.5,46.0,False,30.0,30.0
20.0,53,59.5,56.74816888216171,13.360862781226839,31.25,80.5,49.25,False,39.5,39.5
20.0,54,35.25,39.390301518799504,10.049042097402321,22.25,58.0,35.75,False,15.25,15.25
20.0,55,31.25,34.8052482156527,8.268748020671827,20.75,50.25,29.5,False,11.25,11.25
20.0,56,50.0,49.853231335707164,12.846950618031904,26.25,72.75,46.5,False,30.0,30.0
20.0,57,39.0,42.455721729751474,11.017950402568005,23.25,62.75,39.5,False,19.0,19.0
20.0,58,33.0,36.74231786425652,8.989605997381918,21.5,53.5,32.0,False,13.0,13.0
20.0,59,39.5,42.96798479894089,11.155229829060186,23.5,63.5,40.0,False,19.5,19.5
20.0,60,64.0,60.83779735799963,13.404904042453186,34.75,84.75,50.0,False,44.0,44.0
20.0,61,32.5,36.363302490997675,8.908281139151216,21.25,53.0,31.75,False,12.5,12.5
20.0,62,33.75,37.57709458826824,9.322265271162443,21.75,55.0,33.25,False,13.75,13.75
20.0,63,44.5,46.31030660042568,12.010456361276352,24.75,68.0,43.25,False,24.5,24.5
20.0,64,31.5,35.27575903115534,8.527306168375837,21.0,51.25,30.25,False,11.5,11.5
20.0,65,30.25,33.57984905636516,7.68707581270202,20.5,48.0,27.5,False,10.25,10.25
20.0,66,29.75,32.987820192715176,7.467230988871736,20.5,47.0,26.5,False,9.75,9.75
20.0,67,40.0,43.12126730273374,11.196459138633175,23.5,63.75,40.25,False,20.0,20.0
20.0,68,46.5,47.60824043794876,12.366714786083875,25.25,70.0,44.75,False,26.5,26.5
20.0,69,60.75,57.942821071220536,13.262960012211893,32.25,81.5,49.25,False,40.75,40.75
20.0,70,74.25,71.11944089975326,12.321499352629196,47.25,93.25,46.0,False,54.25,54.25
20.0,71,30.5,33.948726554046424,7.837973496403424,20.75,48.75,28.0,False,10.5,10.5
20.0,72,30.5,33.959771277923466,7.916012948808348,20.5,48.75,28.25,False,10.5,10.5
20.0,73,45.75,47.22218757322779,12.178513796211906,25.25,69.25,44.0,False,25.75,25.75
20.0,74,40.0,43.233754155318195,11.274683962832182,23.5,64.0,40.5,False,20.0,20.0
20.0,75,32.5,36.203251287799155,8.77820466651271,21.25,52.5,31.25,False,12.5,12.5
20.0,76,36.5,40.38066514773147,10.441598925399264,22.25,59.5,37.25,False,16.5,16.5
20.0,77,38.0,41.80090608514683,10.834524432430104,23.0,61.75,38.75,False,18.0,18.0
20.0,78,77.0,74.1500198522271,12.245177565321644,50.75,96.25,45.5,False,57.0,57.0
20.0,79,50.25,50.053949782755566,12.767820843378205,26.5,73.0,46.5,False,30.25,30.25
20.0,80,78.25,75.53627930204533,11.9605038514114,52.75,97.25,44.5,False,58.25,58.25
20.0,81,51.75,51.1156568301474,12.787930764259569,27.5,74.0,46.5,False,31.75,31.75
20.0,82,32.5,36.32679620221306,8.897861475403575,21.25,53.0,31.75,False,12.5,12.5
20.0,83,45.25,46.86798818778996,12.265877647699277,24.75,69.0,44.25,False,25.25,25.25
20.0,84,33.5,37.610584565235605,9.449535239902481,21.5,55.25,33.75,False,13.5,13.5
20.0,85,71.5,68.08837481374616,13.066830176739623,42.75,91.5,48.75,False,51.5,51.5
20.0,86,84.75,82.46428223802468,10.725730584591417,62.25,102.0,39.75,False,64.75,64.75
20.0,87,47.0,48.065534178413834,12.445990142601246,25.5,70.5,45.0,False,27.0,27.0
20.0,88,39.75,43.038673297238816,11.205997083535431,23.25,63.5,40.25,False,19.75,19.75
20.0,89,35.5,39.62010388563064,10.17645773034762,22.25,58.5,36.25,False,15.5,15.5
20.0,90,50.25,50.10789754434091,12.793858839319567,26.5,73.0,46.5,False,30.25,30.25
20.0,91,43.0,45.39138181978277,11.772940337826029,24.5,66.75,42.25,False,23.0,23.0
20.0,92,42.0,44.722196641076,11.781505923444048,23.75,66.0,42.25,False,22.0,22.0
20.0,93,37.5,41.39226247516011,10.778838075112345,22.75,61.25,38.5,False,17.5,17.5
20.0,94,58.0,55.70172551127279,13.186479609832165,30.5,79.0,48.5,False,38.0,38.0
20.0,95,42.5,44.96481740697259,11.716458451069299,24.25,66.25,42.0,False,22.5,22.5
20.0,96,37.5,41.32554956224367,10.702752947157446,22.75,61.0,38.25,False,17.5,17.5
20.0,97,44.75,46.469571839716714,12.068995276385893,24.75,68.25,43.5,False,24.75,24.75
20.0,98,39.5,42.847936702259396,11.234429263598098,23.25,63.5,40.25,False,19.5,19.5
20.0,99,30.75,34.42414946743543,8.196120890996806,20.5,49.75,29.25,False,10.75,10.75
25.0,0,55.0,53.31430436939099,10.364309823521529,33.5,72.0,38.5,False,30.0,30.0
25.0,1,46.25,46.349507783210285,9.787473100280634,28.25,64.25,36.0,False,21.25,21.25
25.0,2,39.0,40.80806636764688,8.649314006646582,25.25,56.75,31.5,False,14.0,14.0
25.0,3,35.25,37.654272803543826,7.880109571273529,23.75,52.25,28.5,True,10.25,10.25
25.0,4,49.5,48.91125994199266,10.154967731459626,29.75,67.25,37.5,False,24.5,24.5
25.0,5,39.75,41.47440454829436,8.940087095074379,25.5,58.0,32.5,False,14.75,14.75
25.0,6,37.5,39.671521605751764,8.410383101741388,24.75,55.25,30.5,True,12.5,12.5
25.0,7,39.5,41.447679191338196,8.901729990694847,25.5,57.75,32.25,False,14.5,14.5
25.0,8,29.75,31.75987733573189,5.76438121462096,21.75,42.5,20.75,True,4.75,4.75
25.0,9,32.0,34.45157867532648,6.76656437009167,22.75,47.25,24.5,True,7.0,7.0
25.0,10,46.75,46.75159393603599,9.899773521774387,28.5,64.75,36.25,False,21.75,21.75
25.0,11,35.25,37.64663949230366,7.85714120944272,23.75,52.25,28.5,True,10.25,10.25
25.0,12,34.0,36.55014050280561,7.463901171132238,23.5,50.5,27.0,True,9.0,9.0
25.0,13,39.25,41.06414651452381,8.788618391335707,25.25,57.25,32.0,False,14.25,14.25
25.0,14,38.0,40.18001047511778,8.489707054719066,25.0,55.75,30.75,True,13.0,13.0
25.0,15,33.5,36.12690591941201,7.402524446719491,23.25,50.0,26.75,True,8.5,8.5
25.0,16,37.0,39.28556507305429,8.328592770726283,24.5,54.75,30.25,True,12.0,12.0
25.0,17,36.75,39.154787762263076,8.378444251205716,24.5,54.75,30.25,True,11.75,11.75
25.0,18,38.25,40.33792847290603,8.55023160017206,25.0,56.0,31.0,True,13.25,13.25
25.0,19,53.0,51.59032133677479,10.270955710628954,32.0,70.0,38.0,False,28.0,28.0
25.0,20,37.0,39.2478485568324,8.335289615582434,24.5,54.75,30.25,True,12.0,12.0
25.0,21,59.5,57.32158177405718,10.291976896474479,37.5,76.0,38.5,False,34.5,34.5
25.0,22,42.5,43.57321060106827,9.349499103196402,26.5,60.5,34.0,False,17.5,17.5
25.0,23,45.5,45.90523554702315,9.716354691935802,28.0,63.5,35.5,False,20.5,20.5
25.0,24,31.5,33.796780435016856,6.581115598997602,22.5,46.25,23.75,True,6.5,6.5
25.0,25,47.0,46.885340704932496,9.970316892706245,28.5,65.0,36.5,False,22.0,22.0
25.0,26,51.25,50.26718616184042,10.115379507859664,31.0,68.5,37.5,False,26.25,26.25
25.0,27,42.25,43.452753019715,9.347296452465267,26.5,60.5,34.0,False,17.25,17.25
25.0,28,30.0,32.02382769953871,5.855174151302762,21.75,43.0,21.25,True,5.0,5.0
25.0,29,32.75,35.15940550769988,7.07992165140185,23.0,48.5,25.5,True,7.75,7.75
25.0,30,58.0,55.912062464397785,10.356890828777964,36.0,74.5,38.5,False,33.0,33.0
25.0,31,35.75,38.09420137483282,7.966178668944301,24.0,52.75,28.75,True,10.75,10.75
25.0,32,42.5,43.671387136768374,9.472882148200853,26.5,61.0,34.5,False,17.5,17.5
25.0,33,40.0,41.799831365831345,8.933946520118745,25.75,58.25,32.5,False,15.0,15.0
25.0,34,36.25,38.554961048422854,8.154927484483876,24.25,53.75,29.5,True,11.25,11.25
25.0,35,45.5,45.78767463801736,9.769431543829738,27.75,63.5,35.75,False,20.5,20.5
25.0,36,35.5,37.96102482690873,7.819424315968977,24.25,52.5,28.25,True,10.5,10.5
25.0,37,42.5,43.68410730029759,9.383116975323434,26.75,61.0,34.25,False,17.5,17.5
25.0,38,43.0,44.025385975617525,9.480115036516294,26.75,61.25,34.5,False,18.0,18.0
25.0,39,31.5,33.89009850284299,6.587965307326814,22.5,46.25,23.75,True,6.5,6.5
25.0,40,40.5,42.16670827889977,9.156100642193108,25.75,59.0,33.25,False,15.5,15.5
25.0,41,45.0,45.53321255678333,9.74589841598287,27.5,63.25,35.75,False,20.0,20.0
25.0,42,37.0,39.26129041424683,8.207694784360925,24.75,54.5,29.75,True,12.0,12.0
25.0,43,30.25,32.279410830724764,5.944708995907638,22.0,43.5,21.5,True,5.25,5.25
25.0,44,39.75,41.5434508525009,8.978409399197087,25.5,58.0,32.5,False,14.75,14.75
25.0,45,42.75,43.84169617648145,9.333161038649054,27.0,61.0,34.0,False,17.75,17.75
25.0,46,37.25,39.58169910052975,8.525389926187938,24.5,55.25,30.75,True,12.25,12.25
25.0,47,35.5,37.86216846477079,7.938124828604853,24.0,52.75,28.75,True,10.5,10.5
25.0,48,44.75,45.21571148456365,9.67105420935744,27.5,62.75,35.25,False,19.75,19.75
25.0,49,36.0,38.47435434821839,8.08622834249245,24.25,53.5,29.25,True,11.0,11.0
25.0,50,35.25,37.607475874564436,7.816743187470704,24.0,52.25,28.25,True,10.25,10.25
25.0,51,52.5,51.130540826683415,10.198351901980935,31.75,69.5,37.75,False,27.5,27.5
25.0,52,30.0,32.19552555096745,5.991133961126367,22.0,43.5,21.5,True,5.0,5.0
25.0,53,53.0,51.53616791257823,10.252268925859198,32.0,70.0,38.0,False,28.0,28.0
25.0,54,69.75,67.92847585927801,9.49564062816456,50.0,85.25,35.25,False,44.75,44.75
25.0,55,37.0,39.424321795235635,8.39808467287942,24.5,55.0,30.5,True,12.0,12.0
25.0,56,39.0,41.04545965902489,8.866106093796176,25.25,57.5,32.25,False,14.0,14.0
25.0,57,57.75,55.90785322800883,10.273462837001963,36.25,74.5,38.25,False,32.75,32.75
25.0,58,64.75,62.728295896220864,9.633388950843976,44.25,80.25,36.0,False,39.75,39.75
25.0,59,40.25,41.736910029793634,8.819549357414141,26.0,58.0,32.0,False,15.25,15.25
25.0,60,36.75,39.15869699691583,8.280706172066544,24.5,54.5,30.0,True,11.75,11.75
25.0,61,38.5,40.61830038841879,8.706729365753453,25.25,56.75,31.5,False,13.5,13.5
25.0,62,41.5,42.76208497760217,9.10014221354876,26.25,59.5,33.25,False,16.5,16.5
25.0,63,37.75,39.829370790306506,8.525823488859924,24.75,55.75,31.0,True,12.75,12.75
25.0,64,35.75,38.19102352139733,8.012393007019801,24.0,53.0,29.0,True,10.75,10.75
25.0,65,64.75,62.60747970813729,9.794185142833024,43.75,80.25,36.5,False,39.75,39.75
25.0,66,29.75,31.828313960443662,5.821560644094186,21.75,42.75,21.0,True,4.75,4.75
25.0,67,38.0,40.151974086071476,8.589769873788862,24.75,56.0,31.25,True,13.0,13.0
25.0,68,35.75,38.25824817117733,8.121146523104835,24.0,53.25,29.25,True,10.75,10.75
25.0,69,62.0,59.871969551449034,10.058340011489403,40.5,78.0,37.5,False,37.0,37.0
25.0,70,36.0,38.34503081153268,8.044695355650637,24.25,53.25,29.0,True,11.0,11.0
25.0,71,37.25,39.50575761435291,8.386253744146785,24.5,55.0,30.5,True,12.25,12.25
25.0,72,80.25,78.94095649464269,7.7795493419106405,64.25,93.25,29.0,False,55.25,55.25
25.0,73,35.75,38.192000802012714,8.079542843363479,24.0,53.25,29.25,True,10.75,10.75
25.0,74,32.5,34.99489546539025,6.909982380078776,23.0,48.0,25.0,True,7.5,7.5
25.0,75,34.25,36.699015602351935,7.477273112661347,23.75,50.75,27.0,True,9.25,9.25
25.0,76,61.25,59.20875471322902,10.13178553750177,39.75,77.5,37.75,False,36.25,36.25
25.0,77,32.25,34.70121598912917,6.959517693930624,22.75,47.75,25.0,True,7.25,7.25
25.0,78,34.25,36.80308278447697,7.540824199946514,23.75,51.0,27.25,True,9.25,9.25
25.0,79,51.75,50.60603178119461,10.349449664055367,31.0,69.25,38.25,False,26.75,26.75
25.0,80,34.25,36.76419542758263,7.595532690930811,23.5,51.0,27.5,True,9.25,9.25
25.0,81,47.75,47.492848832835094,9.91832846866411,29.0,65.5,36.5,False,22.75,22.75
25.0,82,36.75,38.9725399151867,8.27338074041032,24.25,54.25,30.0,True,11.75,11.75
25.0,83,36.25,38.65069132519509,8.135213286861868,24.25,53.75,29.5,True,11.25,11.25
25.0,84,31.0,33.34451617512474,6.386907295734687,22.25,45.25,23.0,True,6.0,6.0
25.0,85,36.75,39.03269012969137,8.308944505359207,24.5,54.5,30.0,True,11.75,11.75
25.0,86,51.75,50.55619147346478,10.296711229493706,31.0,69.0,38.0,False,26.75,26.75
25.0,87,35.0,37.562273144327975,7.850972069684394,23.75,52.25,28.5,True,10.0,10.0
25.0,88,45.0,45.551282184308825,9.816996291920626,27.5,63.5,36.0,False,20.0,20.0
25.0,89,42.25,43.33402968441784,9.236501924367094,26.5,60.25,33.75,False,17.25,17.25
25.0,90,61.25,59.19329953463616,10.180270600852209,39.5,77.5,38.0,False,36.25,36.25
25.0,91,33.0,35.59121325122597,7.175666855676569,23.0,49.0,26.0,True,8.0,8.0
25.0,92,33.75,36.257075523210816,7.443727292013509,23.25,50.25,27.0,True,8.75,8.75
25.0,93,55.0,53.2805318004889,10.3192249583559,33.5,71.75,38.25,False,30.0,30.0
25.0,94,63.5,61.461267557968036,9.966546601443131,42.25,79.5,37.25,False,38.5,38.5
25.0,95,39.25,41.18791783948062,8.749783703545972,25.5,57.25,31.75,False,14.25,14.25
25.0,96,37.75,40.01575634912142,8.542308297227118,24.75,55.75,31.0,True,12.75,12.75
25.0,97,39.25,41.2179099436632,8.874879704747498,25.25,57.5,32.25,False,14.25,14.25
25.0,98,55.75,53.94310931293182,10.3818744417965,34.25,72.75,38.5,False,30.75,30.75
25.0,99,38.75,40.712974993233786,8.736471450846299,25.0,56.75,31.75,True,13.75,13.75
30.0,0,38.0,39.15752608457628,6.980283951215634,26.5,52.0,25.5,True,8.0,8.0
30.0,1,45.5,45.058114655330094,7.708132036636371,30.5,59.0,28.5,False,15.5,15.5
30.0,2,53.25,51.979670525135425,7.93573756556318,37.0,66.5,29.5,False,23.25,23.25
30.0,3,32.0,33.51920043289184,5.581987833492372,23.75,44.0,20.25,True,2.0,2.0
30.0,4,39.25,40.108332358770994,7.113652131755336,27.25,53.25,26.0,True,9.25,9.25
30.0,5,46.0,45.5088310119538,7.805363732192704,30.75,59.75,29.0,False,16.0,16.0
30.0,6,37.75,38.77350092603387,6.867075257304765,26.25,51.5,25.25,True,7.75,7.75
30.0,7,38.75,39.594821166947376,7.0096937672998285,26.75,52.5,25.75,True,8.75,8.75
30.0,8,33.25,34.71344171584705,5.8467486249579546,24.25,45.5,21.25,True,3.25,3.25
30.0,9,42.25,42.39652714727022,7.497918482605749,28.5,56.25,27.75,True,12.25,12.25
30.0,10,54.5,53.280460551011174,7.915270584025754,38.25,67.75,29.5,False,24.5,24.5
30.0,11,34.0,35.5702983944033,6.124986075239088,24.75,47.0,22.25,True,4.0,4.0
30.0,12,52.25,50.97412463110081,7.926309016674642,36.0,65.5,29.5,False,22.25,22.25
30.0,13,37.25,38.34059183380786,6.8457931409743145,26.0,51.0,25.0,True,7.25,7.25
30.0,14,40.0,40.74756861461936,7.222130341704165,27.5,54.0,26.5,True,10.0,10.0
30.0,15,33.75,35.35906655501501,6.1694235888284785,24.5,47.0,22.5,True,3.75,3.75
30.0,16,31.0,32.464674632757244,5.19752005888308,23.25,42.25,19.0,True,1.0,1.0
30.0,17,42.0,42.293611961780435,7.555834361515023,28.25,56.0,27.75,True,12.0,12.0
30.0,18,34.75,36.196397786768074,6.31784206385431,25.0,48.0,23.0,True,4.75,4.75
30.0,19,39.75,40.495819614069504,7.275288771723214,27.25,54.0,26.75,True,9.75,9.75
30.0,20,31.75,33.36974634934371,5.584360880786924,23.5,43.75,20.25,True,1.75,1.75
30.0,21,37.25,38.32797641868941,6.804448793959326,26.0,51.0,25.0,True,7.25,7.25
30.0,22,37.5,38.62621594727323,6.843530296374446,26.25,51.25,25.0,True,7.5,7.5
30.0,23,49.5,48.41325127659523,7.8801268628294885,33.5,62.75,29.25,False,19.5,19.5
30.0,24,38.5,39.459950390536704,6.962818505439469,26.75,52.25,25.5,True,8.5,8.5
30.0,25,37.75,38.76059985006515,6.846345724344322,26.5,51.5,25.0,True,7.75,7.75
30.0,26,34.0,35.50619899764655,6.261750355595876,24.5,47.25,22.75,True,4.0,4.0
30.0,27,36.5,37.8732383947268,6.687670205963323,25.75,50.25,24.5,True,6.5,6.5
30.0,28,39.25,40.14685395078583,7.2346841145619845,27.0,53.5,26.5,True,9.25,9.25
30.0,29,43.75,43.6929883338619,7.663998029440744,29.5,57.75,28.25,True,13.75,13.75
30.0,30,31.0,32.46771750748388,5.2523484963002725,23.25,42.25,19.0,True,1.0,1.0
30.0,31,40.75,41.31852478099299,7.4078503949925505,27.75,55.0,27.25,True,10.75,10.75
30.0,32,46.0,45.57315122866616,7.80755560427045,30.75,59.75,29.0,False,16.0,16.0
30.0,33,36.5,37.73983796554827,6.672323700532123,25.75,50.25,24.5,True,6.5,6.5
30.0,34,43.5,43.483371939240776,7.670723912149392,29.25,57.5,28.25,True,13.5,13.5
30.0,35,31.0,32.5299065481903,5.316485626379791,23.25,42.5,19.25,True,1.0,1.0
30.0,36,34.25,35.68770397673708,6.162823786560252,24.75,47.25,22.5,True,4.25,4.25
30.0,37,30.25,31.71970279891013,4.989693390549371,23.0,41.25,18.25,True,0.25,0.25
30.0,38,43.75,43.69068330153807,7.696268897088091,29.25,57.75,28.5,True,13.75,13.75
30.0,39,54.0,52.65756486100079,7.916929629108759,37.5,67.0,29.5,False,24.0,24.0
30.0,40,58.5,57.12692276965619,7.580552854794308,42.75,71.0,28.25,False,28.5,28.5
30.0,41,35.5,36.95308413566152,6.448552018830852,25.5,49.0,23.5,True,5.5,5.5
30.0,42,30.5,32.00310843014864,5.101670410703354,23.0,41.5,18.5,True,0.5,0.5
30.0,43,41.0,41.347940985575555,7.255519681423293,28.0,54.75,26.75,True,11.0,11.0
30.0,44,33.0,34.64366360311215,6.003261913963264,24.0,45.75,21.75,True,3.0,3.0
30.0,45,32.5,34.002212792762,5.727106600807445,24.0,44.75,20.75,True,2.5,2.5
30.0,46,43.5,43.418240741666075,7.529467375848991,29.5,57.25,27.75,True,13.5,13.5
30.0,47,35.5,36.78215666560488,6.452038654407661,25.25,48.75,23.5,True,5.5,5.5
30.0,48,34.75,36.16021143780855,6.241808531683588,25.0,47.75,22.75,True,4.75,4.75
30.0,49,51.0,49.79194906195691,7.976651238882467,34.5,64.25,29.75,False,21.0,21.0
30.0,50,33.25,34.71947447845081,5.873121260846661,24.25,45.75,21.5,True,3.25,3.25
30.0,51,39.0,39.79960363070416,7.143973993399824,26.75,53.0,26.25,True,9.0,9.0
30.0,52,45.25,44.78612614381291,7.687947585187735,30.25,58.75,28.5,False,15.25,15.25
30.0,53,33.0,34.540218620875656,5.823267662365109,24.25,45.5,21.25,True,3.0,3.0
30.0,54,41.0,41.52722437610072,7.409903230986038,28.0,55.25,27.25,True,11.0,11.0
30.0,55,41.25,41.67841898736454,7.446572541138828,28.0,55.5,27.5,True,11.25,11.25
30.0,56,53.25,52.00470900445996,7.922866740597436,37.0,66.5,29.5,False,23.25,23.25
30.0,57,36.0,37.28455993456088,6.510810032588249,25.5,49.25,23.75,True,6.0,6.0
30.0,58,43.75,43.72532333709364,7.570002621231766,29.5,57.5,28.0,True,13.75,13.75
30.0,59,43.25,43.224394241045566,7.581324444601636,29.0,57.0,28.0,True,13.25,13.25
30.0,60,41.0,41.37555960082902,7.217390143998289,28.0,54.5,26.5,True,11.0,11.0
30.0,61,36.25,37.5614205216516,6.567221198731927,25.75,49.75,24.0,True,6.25,6.25
30.0,62,42.0,42.17326581400696,7.4553032659583,28.5,56.0,27.5,True,12.0,12.0
30.0,63,31.0,32.63882308311433,5.287067346191661,23.25,42.5,19.25,True,1.0,1.0
30.0,64,38.5,39.505186246690144,7.068284485507305,26.5,52.5,26.0,True,8.5,8.5
30.0,65,31.0,32.4620003168889,5.269887097061762,23.25,42.5,19.25,True,1.0,1.0
30.0,66,37.0,38.086974677589296,6.6701706752751635,26.0,50.5,24.5,True,7.0,7.0
30.0,67,37.5,38.569026695446524,6.7820937552614575,26.25,51.0,24.75,True,7.5,7.5
30.0,68,37.0,38.14936219652506,6.744874060744563,26.0,50.75,24.75,True,7.0,7.0
30.0,69,30.5,31.912561750343436,5.022668105759986,23.0,41.25,18.25,True,0.5,0.5
30.0,70,39.25,40.062815540712165,7.088521271966928,27.25,53.25,26.0,True,9.25,9.25
30.0,71,36.75,38.00310895270579,6.765638953469545,25.75,50.5,24.75,True,6.75,6.75
30.0,72,40.5,41.03675932660493,7.307635354828871,27.75,54.5,26.75,True,10.5,10.5
30.0,73,45.75,45.388354977452984,7.7764347167893435,30.75,59.5,28.75,False,15.75,15.75
30.0,74,36.5,37.76280525832614,6.661294155531856,25.75,50.0,24.25,True,6.5,6.5
30.0,75,36.5,37.75471746175832,6.649185931552912,25.75,50.0,24.25,True,6.5,6.5
30.0,76,37.5,38.58089184943538,6.903993888514697,26.0,51.25,25.25,True,7.5,7.5
30.0,77,48.5,47.568782595711106,8.111294607415193,32.25,62.5,30.25,False,18.5,18.5
30.0,78,38.25,39.31483493933377,7.053674037954588,26.5,52.25,25.75,True,8.25,8.25
30.0,79,37.0,38.08290118118893,6.642835899834295,26.0,50.25,24.25,True,7.0,7.0
30.0,80,41.75,42.00267325700111,7.365023596777584,28.25,55.5,27.25,True,11.75,11.75
30.0,81,41.0,41.46826672761829,7.2632838878524675,28.0,54.75,26.75,True,11.0,11.0
30.0,82,37.75,38.861934511807675,6.912069372825166,26.25,51.5,25.25,True,7.75,7.75
30.0,83,41.25,41.70116194841073,7.264950734500847,28.25,55.0,26.75,True,11.25,11.25
30.0,84,52.5,51.39309928652582,7.902337062785003,36.25,65.75,29.5,False,22.5,22.5
30.0,85,61.75,60.3986837289554,7.326321165412637,46.5,73.75,27.25,False,31.75,31.75
30.0,86,47.5,46.86849501082438,7.860669494751289,32.0,61.25,29.25,False,17.5,17.5
30.0,87,39.0,39.81553763348441,7.0103348474967,27.0,52.75,25.75,True,9.0,9.0
30.0,88,38.0,39.02006793193466,6.941979933958955,26.5,52.0,25.5,True,8.0,8.0
30.0,89,37.0,38.13695084651719,6.813190954399278,25.75,50.75,25.0,True,7.0,7.0
30.0,90,43.0,43.049515173278714,7.624075566636387,28.75,57.0,28.25,True,13.0,13.0
30.0,91,51.0,49.8860686113884,7.806976219000595,35.0,64.0,29.0,False,21.0,21.0
30.0,92,32.5,34.25030115884057,5.873290321601104,23.75,45.25,21.5,True,2.5,2.5
30.0,93,53.25,52.11010526548409,7.778831347118912,37.25,66.25,29.0,False,23.25,23.25
30.0,94,49.0,48.12920122643207,7.815587533927258,33.25,62.25,29.0,False,19.0,19.0
30.0,95,31.75,33.236929523620496,5.4422871861786115,23.75,43.5,19.75,True,1.75,1.75
30.0,96,35.25,36.56597620634247,6.376970206520062,25.25,48.5,23.25,True,5.25,5.25
30.0,97,40.75,41.27301437236088,7.267732967420122,28.0,54.75,26.75,True,10.75,10.75
30.0,98,36.25,37.56188100873702,6.625398929042217,25.75,50.0,24.25,True,6.25,6.25
30.0,99,36.25,37.583866251152116,6.6342475481067416,25.75,50.0,24.25,True,6.25,6.25
40.0,0,41.75,41.466379210772686,5.294752658556537,31.5,51.25,19.75,True,1.75,1.75
40.0,1,40.25,40.20181295813694,5.170157026407002,30.5,49.75,19.25,True,0.25,0.25
40.0,2,41.0,40.70856444552275,5.114733469909269,31.25,50.25,19.0,True,1.0,1.0
40.0,3,38.75,38.804950768940394,5.021948690977725,29.5,48.25,18.75,True,-1.25,1.25
40.0,4,45.5,44.87144373036954,5.269518527703334,34.75,54.5,19.75,True,5.5,5.5
40.0,5,43.75,43.36007722018195,5.2891285417564635,33.25,53.0,19.75,True,3.75,3.75
40.0,6,42.25,41.837372222377226,5.34015882597372,31.75,51.5,19.75,True,2.25,2.25
40.0,7,35.25,35.842034586793325,4.803000012407632,27.0,44.75,17.75,True,-4.75,4.75
40.0,8,41.25,40.993453078979165,5.193742128585093,31.25,50.5,19.25,True,1.25,1.25
40.0,9,39.75,39.586458536055105,5.1735296704681275,30.0,49.25,19.25,True,-0.25,0.25
40.0,10,48.0,47.25588833583729,5.339382504240956,37.0,57.0,20.0,True,8.0,8.0
40.0,11,39.75,39.790628650047125,5.316050523262309,29.75,49.5,19.75,True,-0.25,0.25
40.0,12,44.25,43.89355268305969,5.194378708989468,34.25,53.5,19.25,True,4.25,4.25
40.0,13,49.75,49.139174803196354,5.126545364562907,39.5,58.5,19.0,True,9.75,9.75
40.0,14,40.0,39.81934158176735,5.269920718623195,30.0,49.5,19.5,True,0.0,0.0
40.0,15,40.75,40.51799989836141,5.192654582855736,30.75,50.0,19.25,True,0.75,0.75
40.0,16,49.0,48.23105155136178,5.329409003605126,38.25,58.0,19.75,True,9.0,9.0
40.0,17,38.0,38.17577925986059,5.096671554043319,28.75,47.75,19.0,True,-2.0,2.0
40.0,18,40.75,40.606836981598235,5.228024600396712,30.75,50.25,19.5,True,0.75,0.75
40.0,19,43.75,43.432809650915985,5.1968578253596265,33.75,53.0,19.25,True,3.75,3.75
40.0,20,45.5,44.92738609295724,5.325154781717458,35.0,54.75,19.75,True,5.5,5.5
40.0,21,52.75,52.2579561197817,4.856097316556285,43.25,61.25,18.0,False,12.75,12.75
40.0,22,46.0,45.542700398822205,5.145833725330356,35.75,55.0,19.25,True,6.0,6.0
40.0,23,38.25,38.478774387124616,5.105960184706933,29.0,48.0,19.0,True,-1.75,1.75
40.0,24,39.25,39.21962672790585,4.9665724401433025,30.0,48.5,18.5,True,-0.75,0.75
40.0,25,45.5,44.98465322101286,5.193756671057909,35.25,54.5,19.25,True,5.5,5.5
40.0,26,47.75,47.265025410650665,5.134282002467723,37.5,56.75,19.25,True,7.75,7.75
40.0,27,40.75,40.56780437332787,5.245919063060528,30.75,50.25,19.5,True,0.75,0.75
40.0,28,49.0,48.47045398145908,5.1775613795053355,38.75,58.0,19.25,True,9.0,9.0
40.0,29,41.25,41.02965333477396,5.314086551662396,31.0,50.75,19.75,True,1.25,1.25
40.0,30,46.25,45.68579172283312,5.022662430757719,36.25,55.0,18.75,True,6.25,6.25
40.0,31,52.5,51.97774942687164,4.902642148739144,42.75,61.0,18.25,False,12.5,12.5
40.0,32,44.25,43.75424234913955,5.421668199971578,33.5,53.75,20.25,True,4.25,4.25
40.0,33,37.5,37.74143666932084,4.99538822129962,28.5,47.0,18.5,True,-2.5,2.5
40.0,34,45.5,44.9663258704219,5.230513997476494,35.0,54.5,19.5,True,5.5,5.5
40.0,35,51.75,50.999318819567236,5.050595264424708,41.5,60.25,18.75,False,11.75,11.75
40.0,36,49.0,48.24410954905505,5.226566522098792,38.25,57.75,19.5,True,9.0,9.0
40.0,37,38.5,38.537837913305395,5.0905480513901376,29.25,48.0,18.75,True,-1.5,1.5
40.0,38,37.5,37.6878723889798,4.920364518871469,28.5,46.75,18.25,True,-2.5,2.5
40.0,39,36.5,36.94132317784484,5.010989736433705,27.75,46.25,18.5,True,-3.5,3.5
40.0,40,43.75,43.33196325194113,5.308781495292973,33.25,53.0,19.75,True,3.75,3.75
40.0,41,40.75,40.572598477883005,5.3382043499301295,30.75,50.5,19.75,True,0.75,0.75
40.0,42,38.5,38.602243615611684,5.054567236600993,29.25,48.0,18.75,True,-1.5,1.5
40.0,43,45.5,45.02835184926553,5.133441745329029,35.25,54.5,19.25,True,5.5,5.5
40.0,44,41.5,41.25556211350498,5.255988051798769,31.5,51.0,19.5,True,1.5,1.5
40.0,45,44.5,43.99243616638614,5.314412511366588,34.0,53.75,19.75,True,4.5,4.5
40.0,46,48.5,47.85007220334557,5.214784318432003,38.0,57.5,19.5,True,8.5,8.5
40.0,47,42.0,41.81875289355033,5.34318255408616,31.75,51.75,20.0,True,2.0,2.0
40.0,48,50.0,49.34983856948344,5.1993662206891615,39.5,58.75,19.25,True,10.0,10.0
40.0,49,51.25,50.728927470736124,4.954850560667481,41.25,59.75,18.5,False,11.25,11.25
40.0,50,37.75,37.948976350056675,4.812335936578514,29.0,46.75,17.75,True,-2.25,2.25
40.0,51,38.25,38.3085248995591,5.083931230681147,29.0,47.75,18.75,True,-1.75,1.75
40.0,52,45.75,45.18773931064478,5.099128604116255,35.5,54.5,19.0,True,5.75,5.75
40.0,53,41.75,41.518633089535705,5.2364026008932205,31.75,51.25,19.5,True,1.75,1.75
40.0,54,40.5,40.3241075031267,5.1597819017336874,30.75,50.0,19.25,True,0.5,0.5
40.0,55,33.25,34.013691580726025,4.42416823044422,26.0,42.25,16.25,True,-6.75,6.75
40.0,56,35.25,35.74074540390704,4.778008530950142,27.0,44.75,17.75,True,-4.75,4.75
40.0,57,34.5,35.050386485762054,4.6632511345382115,26.5,43.75,17.25,True,-5.5,5.5
40.0,58,40.0,39.89657529970857,5.179088340416071,30.25,49.5,19.25,True,0.0,0.0
40.0,59,34.25,34.86784576263648,4.436102540841411,26.75,43.25,16.5,True,-5.75,5.75
40.0,60,41.0,40.713074036791575,5.109642846240337,31.25,50.25,19.0,True,1.0,1.0
40.0,61,35.75,36.247035042781555,4.805594947307881,27.5,45.25,17.75,True,-4.25,4.25
40.0,62,40.25,40.03166120899225,5.259290536723494,30.25,49.75,19.5,True,0.25,0.25
40.0,63,40.25,40.150352019467284,5.236663215465055,30.25,49.75,19.5,True,0.25,0.25
40.0,64,51.75,51.035323998302104,4.888199710039696,41.75,60.0,18.25,False,11.75,11.75
40.0,65,35.0,35.53837685887264,4.728646470846078,26.75,44.25,17.5,True,-5.0,5.0
40.0,66,31.25,31.962018538016473,4.041585728011016,24.75,39.5,14.75,False,-8.75,8.75
40.0,67,37.0,37.30920567681576,4.950705429264609,28.25,46.5,18.25,True,-3.0,3.0
40.0,68,43.75,43.297531963012744,5.18879788174402,33.5,52.75,19.25,True,3.75,3.75
40.0,69,46.25,45.6354307597373,5.353663255670343,35.5,55.5,20.0,True,6.25,6.25
40.0,70,41.0,40.86505058808689,5.2629657393565115,31.0,50.5,19.5,True,1.0,1.0
40.0,71,37.0,37.33158964335066,4.8778481264311955,28.25,46.25,18.0,True,-3.0,3.0
40.0,72,36.5,36.717398773445616,4.826450184918358,28.0,45.75,17.75,True,-3.5,3.5
40.0,73,37.25,37.39108311562746,4.990161022629952,28.25,46.75,18.5,True,-2.75,2.75
40.0,74,43.75,43.317505773523195,5.38112616572392,33.25,53.25,20.0,True,3.75,3.75
40.0,75,47.75,47.04976855311793,5.290035749469941,37.0,56.75,19.75,True,7.75,7.75
40.0,76,61.25,60.67685282777758,4.30329432915644,52.5,68.5,16.0,False,21.25,21.25
40.0,77,49.5,48.77767275554517,5.110041412762899,39.25,58.25,19.0,True,9.5,9.5
40.0,78,33.0,33.72637751822866,4.345813425564622,25.75,41.75,16.0,True,-7.0,7.0
40.0,79,40.5,40.44414561459675,5.2390994805669155,30.75,50.25,19.5,True,0.5,0.5
40.0,80,44.0,43.54736497740605,5.337834144623608,33.5,53.5,20.0,True,4.0,4.0
40.0,81,44.75,44.157090235508164,5.255638814453627,34.25,53.75,19.5,True,4.75,4.75
40.0,82,43.75,43.27673778197581,5.444600238360192,33.0,53.25,20.25,True,3.75,3.75
40.0,83,42.75,42.33457462912611,5.401311597921531,32.25,52.25,20.0,True,2.75,2.75
40.0,84,42.5,42.2784318631208,5.137221202959052,32.75,51.75,19.0,True,2.5,2.5
40.0,85,35.75,36.23671842146686,4.809409524289364,27.5,45.25,17.75,True,-4.25,4.25
40.0,86,44.75,44.171185618837484,5.241655632409913,34.25,53.75,19.5,True,4.75,4.75
40.0,87,45.5,45.02691738094646,5.189033016670643,35.25,54.5,19.25,True,5.5,5.5
40.0,88,53.75,53.29861051416544,4.694161277971596,44.5,62.0,17.5,False,13.75,13.75
40.0,89,40.25,40.04649368559734,5.138324876083942,30.5,49.5,19.0,True,0.25,0.25
40.0,90,43.75,43.39514304940426,5.279708435215436,33.5,53.25,19.75,True,3.75,3.75
40.0,91,38.5,38.56147860960867,5.028667396982004,29.25,48.0,18.75,True,-1.5,1.5
40.0,92,43.75,43.297805050386614,5.182437179917932,33.5,52.75,19.25,True,3.75,3.75
40.0,93,49.75,49.06282463728556,5.1148659508028524,39.5,58.5,19.0,True,9.75,9.75
40.0,94,36.0,36.465291928757544,4.873983973635392,27.5,45.5,18.0,True,-4.0,4.0
40.0,95,43.5,43.02418050408846,5.27094033943833,33.0,52.75,19.75,True,3.5,3.5
40.0,96,54.75,54.17725025725116,4.760835889647296,45.25,63.0,17.75,False,14.75,14.75
40.0,97,41.0,40.7159903912907,5.380516121911295,30.75,50.75,20.0,True,1.0,1.0
40.0,98,46.5,45.87912341227262,5.2106765878145325,36.0,55.5,19.5,True,6.5,6.5
40.0,99,39.75,39.742132603350896,5.05873583352973,30.25,49.0,18.75,True,-0.25,0.25
60.0,0,57.5,57.29091615543054,2.5330227207148686,52.5,62.0,9.5,True,-2.5,2.5
60.0,1,62.0,61.90339369461222,2.292270982384946,57.5,66.0,8.5,True,2.0,2.0
60.0,2,61.75,61.69864492091945,2.2661085004044423,57.5,66.0,8.5,True,1.75,1.75
60.0,3,60.5,60.264960088395306,2.2458462423710217,56.0,64.25,8.25,True,0.5,0.5
60.0,4,61.0,60.75286079838152,2.458292991569463,56.25,65.25,9.0,True,1.0,1.0
60.0,5,58.25,58.140471116042626,2.4827891717404564,53.5,62.75,9.25,True,-1.75,1.75
60.0,6,57.5,57.250843718725115,2.587163571948725,52.5,62.0,9.5,True,-2.5,2.5
60.0,7,61.5,61.49715843929316,2.177223142178669,57.5,65.5,8.0,True,1.5,1.5
60.0,8,62.0,61.90209201060335,2.2703769462398258,57.5,66.0,8.5,True,2.0,2.0
60.0,9,60.75,60.62554831592838,2.3162816439490053,56.25,64.75,8.5,True,0.75,0.75
60.0,10,58.0,57.947240583084536,2.3690879450375815,53.5,62.25,8.75,True,-2.0,2.0
60.0,11,61.5,61.458788852014145,2.208199677740223,57.25,65.5,8.25,True,1.5,1.5
60.0,12,56.75,56.56803245877487,2.4531634500854214,52.0,61.0,9.0,True,-3.25,3.25
60.0,13,60.75,60.52275103396423,2.297288336971397,56.25,64.75,8.5,True,0.75,0.75
60.0,14,55.75,55.47413859969203,2.491135917145439,50.75,60.0,9.25,True,-4.25,4.25
60.0,15,61.0,60.79212606687357,2.2605742112450637,56.5,65.0,8.5,True,1.0,1.0
60.0,16,56.0,55.7455697059265,2.508677927284132,51.0,60.25,9.25,True,-4.0,4.0
60.0,17,55.5,55.3455088110006,2.5444761922556687,50.5,60.0,9.5,True,-4.5,4.5
60.0,18,60.0,59.839554578794754,2.392967130341506,55.5,64.25,8.75,True,0.0,0.0
60.0,19,62.75,62.50402843880473,2.373442149512348,58.0,66.75,8.75,True,2.75,2.75
60.0,20,60.25,60.09036118548922,2.2092165292829553,56.0,64.25,8.25,True,0.25,0.25
60.0,21,59.0,58.81311555098909,2.3924128575279977,54.5,63.25,8.75,True,-1.0,1.0
60.0,22,55.0,54.78228529277605,2.567418262513467,50.0,59.5,9.5,False,-5.0,5.0
60.0,23,61.0,60.85197312549445,2.2387990891293983,56.75,65.0,8.25,True,1.0,1.0
60.0,24,60.75,60.70088814796678,2.2634938981158865,56.5,65.0,8.5,True,0.75,0.75
60.0,25,59.0,58.945023686089364,2.4113346867272054,54.5,63.5,9.0,True,-1.0,1.0
60.0,26,60.25,60.05132621046907,2.3251799619433946,55.75,64.25,8.5,True,0.25,0.25
60.0,27,58.5,58.25117014795406,2.5445858549391276,53.5,63.0,9.5,True,-1.5,1.5
60.0,28,63.0,62.8837037469459,2.276710175684462,58.5,67.0,8.5,True,3.0,3.0
60.0,29,57.75,57.636137899569896,2.52923615376623,52.75,62.25,9.5,True,-2.25,2.25
60.0,30,57.5,57.32372021208404,2.4610535605655617,52.75,61.75,9.0,True,-2.5,2.5
60.0,31,63.5,63.485529095585086,2.169611354096638,59.5,67.5,8.0,True,3.5,3.5
60.0,32,61.0,60.85530142543331,2.247018826029566,56.75,65.0,8.25,True,1.0,1.0
60.0,33,56.75,56.637956437468425,2.4231306786154203,52.0,61.0,9.0,True,-3.25,3.25
60.0,34,57.5,57.44183415674516,2.609942394894434,52.5,62.25,9.75,True,-2.5,2.5
60.0,35,59.75,59.61036844152408,2.3500622437540577,55.25,64.0,8.75,True,-0.25,0.25
60.0,36,63.25,63.21869838176301,2.2295685285925155,59.0,67.25,8.25,True,3.25,3.25
60.0,37,59.75,59.56132537838889,2.384830642725618,55.25,64.0,8.75,True,-0.25,0.25
60.0,38,54.5,54.24347784275827,2.4748212055882806,49.5,58.75,9.25,False,-5.5,5.5
60.0,39,58.0,57.79756350229244,2.403354824459163,53.25,62.25,9.0,True,-2.0,2.0
60.0,40,57.25,56.97768695828809,2.5801243270089826,52.25,61.75,9.5,True,-2.75,2.75
60.0,41,60.25,60.00753647210692,2.260230624549514,55.75,64.25,8.5,True,0.25,0.25
60.0,42,53.0,52.87954215748471,2.725119991573907,47.75,57.75,10.0,False,-7.0,7.0
60.0,43,64.25,64.1497010781594,2.248801502626966,60.0,68.25,8.25,True,4.25,4.25
60.0,44,58.75,58.485572481531705,2.40746195448795,54.0,63.0,9.0,True,-1.25,1.25
60.0,45,61.5,61.36621072323406,2.367632706778894,57.0,65.75,8.75,True,1.5,1.5
60.0,46,57.5,57.24295032066979,2.5024029957535325,52.5,61.75,9.25,True,-2.5,2.5
60.0,47,62.5,62.29127751456767,2.2676463818015176,58.0,66.5,8.5,True,2.5,2.5
60.0,48,61.5,61.47540925356219,2.2854970096345464,57.25,65.75,8.5,True,1.5,1.5
60.0,49,64.25,64.13159523565793,2.0964679569844082,60.25,68.0,7.75,False,4.25,4.25
60.0,50,63.5,63.399950785913624,2.2605729150942024,59.25,67.5,8.25,True,3.5,3.5
60.0,51,61.75,61.57081357441938,2.213129232717068,57.5,65.75,8.25,True,1.75,1.75
60.0,52,58.75,58.68405699210946,2.4605970215114086,54.25,63.25,9.0,True,-1.25,1.25
60.0,53,59.0,58.732142684075704,2.506290173520577,54.0,63.25,9.25,True,-1.0,1.0
60.0,54,59.25,59.158264265660534,2.4030986965936907,54.5,63.5,9.0,True,-0.75,0.75
60.0,55,60.75,60.58027360100334,2.2448188142111736,56.5,64.75,8.25,True,0.75,0.75
60.0,56,62.5,62.30230386702391,2.268450801131008,58.0,66.5,8.5,True,2.5,2.5
60.0,57,62.25,62.087333923723655,2.1684463356108994,58.0,66.0,8.0,True,2.25,2.25
60.0,58,61.5,61.38851089649836,2.250057353945925,57.25,65.5,8.25,True,1.5,1.5
60.0,59,63.0,62.90155945544782,2.116896470016523,59.0,66.75,7.75,True,3.0,3.0
60.0,60,62.5,62.39818151213993,2.218731091682996,58.25,66.5,8.25,True,2.5,2.5
60.0,61,63.25,63.060220442683594,2.191570448589424,59.0,67.0,8.0,True,3.25,3.25
60.0,62,58.75,58.481658903311875,2.449059874495941,54.0,63.0,9.0,True,-1.25,1.25
60.0,63,61.75,61.525089608844596,2.2709148201406912,57.25,65.75,8.5,True,1.75,1.75
60.0,64,59.0,58.7618858125275,2.4661476067447614,54.0,63.25,9.25,True,-1.0,1.0
60.0,65,56.75,56.529965290006615,2.470192515513559,51.75,61.0,9.25,True,-3.25,3.25
60.0,66,58.25,58.12084866446764,2.396444472674408,53.5,62.5,9.0,True,-1.75,1.75
60.0,67,58.5,58.250910254964744,2.397831846834975,53.75,62.75,9.0,True,-1.5,1.5
60.0,68,61.0,60.926970532135336,2.258466456523359,56.75,65.0,8.25,True,1.0,1.0
60.0,69,60.5,60.358462902647865,2.2775619465073014,56.0,64.5,8.5,True,0.5,0.5
60.0,70,60.5,60.47915630967451,2.2460928882486195,56.25,64.5,8.25,True,0.5,0.5
60.0,71,59.75,59.498577689616944,2.312435743610101,55.25,63.75,8.5,True,-0.25,0.25
60.0,72,61.75,61.58129445380643,2.372308908013708,57.25,66.0,8.75,True,1.75,1.75
60.0,73,55.0,54.85962824412988,2.5996407211551085,50.0,59.75,9.75,False,-5.0,5.0
60.0,74,59.25,59.08948529878162,2.3620266212845715,54.75,63.5,8.75,True,-0.75,0.75
60.0,75,60.5,60.39164700758474,2.2807305759770453,56.0,64.5,8.5,True,0.5,0.5
60.0,76,65.0,64.9452382831495,2.109957662258568,61.0,68.75,7.75,False,5.0,5.0
60.0,77,62.75,62.57731547195354,2.1567406897490122,58.5,66.5,8.0,True,2.75,2.75
60.0,78,61.25,61.215682590873065,2.367351809968914,56.75,65.5,8.75,True,1.25,1.25
60.0,79,59.5,59.384696147627274,2.2951722114598283,55.0,63.5,8.5,True,-0.5,0.5
60.0,80,58.75,58.68290646041102,2.2824478148916754,54.5,63.0,8.5,True,-1.25,1.25
60.0,81,60.75,60.60194615611431,2.4108457986675873,56.0,65.0,9.0,True,0.75,0.75
60.0,82,56.75,56.70364620606626,2.3975081513777825,52.25,61.25,9.0,True,-3.25,3.25
60.0,83,54.75,54.62494685803532,2.5998420807062446,49.75,59.5,9.75,False,-5.25,5.25
60.0,84,60.25,60.01212004507112,2.395051257757248,55.5,64.5,9.0,True,0.25,0.25
60.0,85,65.0,64.92463579172302,2.0702076112215515,61.0,68.75,7.75,False,5.0,5.0
60.0,86,63.25,63.16166534113004,2.240532721248026,59.0,67.25,8.25,True,3.25,3.25
60.0,87,58.0,57.90560577837696,2.407100556832125,53.25,62.25,9.0,True,-2.0,2.0
60.0,88,61.75,61.52100022828283,2.3657417896352997,57.0,65.75,8.75,True,1.75,1.75
60.0,89,61.0,60.83556507125386,2.51760884324735,56.25,65.5,9.25,True,1.0,1.0
60.0,90,59.0,58.7966077145556,2.2356232362338706,54.75,63.0,8.25,True,-1.0,1.0
60.0,91,59.5,59.228354562667064,2.430564070098243,54.75,63.75,9.0,True,-0.5,0.5
60.0,92,58.25,58.155782973112736,2.4605594059831213,53.5,62.75,9.25,True,-1.75,1.75
60.0,93,62.75,62.65560143374954,2.2597157358020126,58.5,66.75,8.25,True,2.75,2.75
60.0,94,59.0,58.921273657871964,2.246958664467434,54.75,63.0,8.25,True,-1.0,1.0
60.0,95,61.75,61.70775851757367,2.263504800154584,57.5,66.0,8.5,True,1.75,1.75
60.0,96,64.0,63.91069484591583,2.113137629237836,60.0,67.75,7.75,True,4.0,4.0
60.0,97,59.75,59.523116161585165,2.334715778135908,55.0,63.75,8.75,True,-0.25,0.25
60.0,98,54.75,54.473624497565176,2.654429507557256,49.5,59.25,9.75,False,-5.25,5.25
60.0,99,60.5,60.430141715810436,2.3978833019116204,56.0,65.0,9.0,True,0.5,0.5
90.0,0,88.0,88.0911996152819,0.9101221426767115,86.5,89.75,3.25,False,-2.0,2.0
90.0,1,89.5,89.57910394948752,0.888176425063701,88.0,91.25,3.25,True,-0.5,0.5
90.0,2,89.75,89.7213210159322,0.9673598987012385,88.0,91.5,3.5,True,-0.25,0.25
90.0,3,89.5,89.60176704757696,0.830609889312328,88.0,91.0,3.0,True,-0.5,0.5
90.0,4,86.5,86.53123259940425,0.9703794542278,84.75,88.25,3.5,False,-3.5,3.5
90.0,5,89.25,89.24261265336764,0.9188506876066846,87.5,90.75,3.25,True,-0.75,0.75
90.0,6,89.5,89.46789137351985,0.92523827899987,87.75,91.0,3.25,True,-0.5,0.5
90.0,7,90.75,90.73498327218695,0.7939971369848621,89.25,92.25,3.0,True,0.75,0.75
90.0,8,90.0,89.90370202788002,0.927095605119907,88.25,91.5,3.25,True,0.0,0.0
90.0,9,90.0,90.0204508772558,0.8693121639315042,88.5,91.75,3.25,True,0.0,0.0
90.0,10,89.5,89.52959032057655,0.8780764933086127,88.0,91.25,3.25,True,-0.5,0.5
90.0,11,91.25,91.21633991326931,0.851556653798995,89.75,92.75,3.0,True,1.25,1.25
90.0,12,91.0,90.95733500254755,0.870972989763605,89.25,92.5,3.25,True,1.0,1.0
90.0,13,91.25,91.11890580097332,0.8911692911124242,89.5,92.75,3.25,True,1.25,1.25
90.0,14,90.25,90.2714501515397,0.8684241865458975,88.75,92.0,3.25,True,0.25,0.25
90.0,15,89.5,89.53813422982765,0.8478586274040489,88.0,91.0,3.0,True,-0.5,0.5
90.0,16,90.25,90.18228694036776,0.8579187069642649,88.75,91.75,3.0,True,0.25,0.25
90.0,17,89.75,89.82697566368073,0.9386871423008718,88.0,91.5,3.5,True,-0.25,0.25
90.0,18,89.75,89.63155032577463,0.8548491742501491,88.25,91.25,3.0,True,-0.25,0.25
90.0,19,88.25,88.35387592020393,0.8435274434527229,86.75,89.75,3.0,False,-1.75,1.75
90.0,20,89.0,88.92508176383973,0.8297002907824993,87.5,90.5,3.0,True,-1.0,1.0
90.0,21,90.0,90.09431051949338,0.8793535130066317,88.5,91.75,3.25,True,0.0,0.0
90.0,22,89.25,89.21671140916538,0.9013783859500456,87.5,90.75,3.25,True,-0.75,0.75
90.0,23,90.75,90.733214606282,0.9093329179567027,89.0,92.25,3.25,True,0.75,0.75
90.0,24,89.75,89.80678028678136,0.8087556557522024,88.25,91.25,3.0,True,-0.25,0.25
90.0,25,91.25,91.12505966098873,0.8905109493738529,89.5,92.75,3.25,True,1.25,1.25
90.0,26,90.0,89.895582991704,0.8390183512984272,88.5,91.5,3.0,True,0.0,0.0
90.0,27,89.75,89.77197979177967,0.887410468731819,88.25,91.5,3.25,True,-0.25,0.25
90.0,28,91.5,91.37563140685256,0.8625437046888184,89.75,93.0,3.25,True,1.5,1.5
90.0,29,89.25,89.23159260373986,0.9371080832489443,87.5,91.0,3.5,True,-0.75,0.75
90.0,30,91.0,90.88361169232007,0.80247004787682,89.5,92.5,3.0,True,1.0,1.0
90.0,31,90.0,89.96651141318745,0.8703494783200454,88.25,91.5,3.25,True,0.0,0.0
90.0,32,89.5,89.50342120197037,0.9446354733740506,87.75,91.25,3.5,True,-0.5,0.5
90.0,33,90.75,90.760658481534,0.874488337136999,89.25,92.5,3.25,True,0.75,0.75
90.0,34,91.5,91.50366939906309,0.8368033619613017,90.0,93.0,3.0,True,1.5,1.5
90.0,35,88.75,88.81595503917376,0.9193727747916414,87.25,90.5,3.25,True,-1.25,1.25
90.0,36,89.25,89.198793256859,0.8795084517457935,87.5,90.75,3.25,True,-0.75,0.75
90.0,37,89.75,89.81431445003346,0.8879661567163811,88.25,91.5,3.25,True,-0.25,0.25
90.0,38,90.0,90.05903332719382,0.8588866951708546,88.5,91.5,3.0,True,0.0,0.0
90.0,39,91.0,90.92382797340304,0.8580265612653657,89.5,92.5,3.0,True,1.0,1.0
90.0,40,91.0,90.88926738190139,0.8871658608982423,89.25,92.5,3.25,True,1.0,1.0
90.0,41,90.25,90.27017795869321,0.8458007632146418,88.75,91.75,3.0,True,0.25,0.25
90.0,42,91.0,90.9055361166134,0.9230500072916406,89.25,92.5,3.25,True,1.0,1.0
90.0,43,89.0,88.98497758825556,0.9797737174541491,87.25,90.75,3.5,True,-1.0,1.0
90.0,44,90.0,89.8856636923793,0.9301514168311619,88.25,91.5,3.25,True,0.0,0.0
90.0,45,90.5,90.55952854593372,0.8698575317407103,89.0,92.25,3.25,True,0.5,0.5
90.0,46,89.25,89.19972263594279,0.9005368858277719,87.5,90.75,3.25,True,-0.75,0.75
90.0,47,89.75,89.61899197371443,0.8702421445063455,88.0,91.25,3.25,True,-0.25,0.25
90.0,48,90.75,90.78877984850847,0.8051066773153502,89.25,92.25,3.0,True,0.75,0.75
90.0,49,89.25,89.20990265583993,0.8600354043730898,87.75,90.75,3.0,True,-0.75,0.75
90.0,50,90.25,90.2555301088514,0.9366872289425233,88.5,92.0,3.5,True,0.25,0.25
90.0,51,89.0,89.09147484928275,0.9296821344518138,87.5,90.75,3.25,True,-1.0,1.0
90.0,52,90.25,90.3025824160086,0.8130097109662402,88.75,91.75,3.0,True,0.25,0.25
90.0,53,91.5,91.51525098490121,0.8044244316218052,90.0,93.0,3.0,True,1.5,1.5
90.0,54,88.0,87.97439065432744,0.9070096773084062,86.25,89.5,3.25,False,-2.0,2.0
90.0,55,90.0,90.05081980097951,0.892363254536408,88.5,91.75,3.25,True,0.0,0.0
90.0,56,89.0,88.9538351035108,0.83855805446631,87.5,90.5,3.0,True,-1.0,1.0
90.0,57,89.25,89.1345991880456,0.9153236098925522,87.5,90.75,3.25,True,-0.75,0.75
90.0,58,91.5,91.49880177797709,0.8936086105600052,89.75,93.0,3.25,True,1.5,1.5
90.0,59,91.75,91.74496913749192,0.9374497419416168,90.0,93.5,3.5,True,1.75,1.75
90.0,60,91.5,91.43585326435687,0.8836634333632878,89.75,93.0,3.25,True,1.5,1.5
90.0,61,90.75,90.7508770941163,0.9102665148745598,89.0,92.25,3.25,True,0.75,0.75
90.0,62,89.5,89.3774983744379,0.8348287053767242,87.75,90.75,3.0,True,-0.5,0.5
90.0,63,89.5,89.56269552231274,0.9043427736953366,88.0,91.25,3.25,True,-0.5,0.5
90.0,64,89.0,89.06825327917659,0.9024271357467917,87.5,90.75,3.25,True,-1.0,1.0
90.0,65,88.75,88.69299729039754,1.01067583294656,86.75,90.5,3.75,True,-1.25,1.25
90.0,66,87.75,87.66024414023018,0.886000150774287,86.0,89.25,3.25,False,-2.25,2.25
90.0,67,89.75,89.7848627543977,0.9183240271854822,88.25,91.5,3.25,True,-0.25,0.25
90.0,68,90.5,90.45667440269918,0.8697058640339086,88.75,92.0,3.25,True,0.5,0.5
90.0,69,89.25,89.34205868733959,0.8998335458259611,87.75,91.0,3.25,True,-0.75,0.75
90.0,70,91.0,90.95463554541573,0.9044350895084767,89.25,92.5,3.25,True,1.0,1.0
90.0,71,91.0,90.97886898847635,0.9344373760178892,89.25,92.75,3.5,True,1.0,1.0
90.0,72,90.75,90.62114749630042,0.8363725050606858,89.0,92.0,3.0,True,0.75,0.75
90.0,73,90.25,90.35792745070412,0.7941260778588676,89.0,91.75,2.75,True,0.25,0.25
90.0,74,90.0,89.86799635719083,0.8842205950136643,88.25,91.5,3.25,True,0.0,0.0
90.0,75,90.25,90.28447115240135,0.9226494584623155,88.75,92.0,3.25,True,0.25,0.25
90.0,76,91.0,91.05615191567551,0.9115689062622514,89.5,92.75,3.25,True,1.0,1.0
90.0,77,89.75,89.73911634329917,0.8748792867925266,88.0,91.25,3.25,True,-0.25,0.25
90.0,78,89.5,89.41517003739732,0.8889456220952066,87.75,91.0,3.25,True,-0.5,0.5
90.0,79,88.75,88.62957767799352,0.9692839018963602,87.0,90.5,3.5,True,-1.25,1.25
90.0,80,90.5,90.39154846707541,0.8434240698759797,89.0,92.0,3.0,True,0.5,0.5
90.0,81,91.5,91.48986062045218,0.903486624908612,89.75,93.0,3.25,True,1.5,1.5
90.0,82,90.0,90.07523496042234,0.8405966659480347,88.5,91.5,3.0,True,0.0,0.0
90.0,83,90.5,90.50196161889583,0.8633425121557499,89.0,92.0,3.0,True,0.5,0.5
90.0,84,90.0,90.10548111186401,0.8611916461068923,88.5,91.75,3.25,True,0.0,0.0
90.0,85,89.0,88.93452690513035,0.9482939387531705,87.25,90.75,3.5,True,-1.0,1.0
90.0,86,88.0,88.04627240060633,0.9137399465486041,86.5,89.75,3.25,False,-2.0,2.0
90.0,87,89.75,89.85437678086987,0.8987159359058942,88.25,91.5,3.25,True,-0.25,0.25
90.0,88,90.75,90.80720778881818,0.8510893336777308,89.25,92.25,3.0,True,0.75,0.75
90.0,89,91.0,90.99015650946073,0.898991953560517,89.25,92.5,3.25,True,1.0,1.0
90.0,90,90.0,90.06488451969813,0.8799985010975004,88.5,91.75,3.25,True,0.0,0.0
90.0,91,90.5,90.3739574276149,0.866532312502443,88.75,92.0,3.25,True,0.5,0.5
90.0,92,89.25,89.3202518492406,0.8755383682788099,87.75,91.0,3.25,True,-0.75,0.75
90.0,93,89.75,89.79040983194193,0.8804939963841696,88.25,91.5,3.25,True,-0.25,0.25
90.0,94,91.25,91.13795751902275,0.9073305115209178,89.5,92.75,3.25,True,1.25,1.25
90.0,95,90.0,89.90539027597958,0.9141888271328134,88.25,91.5,3.25,True,0.0,0.0
90.0,96,90.5,90.5884567224138,0.8679311687319179,89.0,92.25,3.25,True,0.5,0.5
90.0,97,91.5,91.44564375567025,0.8749823267856413,89.75,93.0,3.25,True,1.5,1.5
90.0,98,90.75,90.80420650420895,0.8730393484132231,89.25,92.5,3.25,True,0.75,0.75
90.0,99,89.0,88.96172943297523,0.9417941098126367,87.25,90.75,3.5,True,-1.0,1.0
120.0,0,120.25,120.35070941446276,0.41973547357986285,119.5,121.0,1.5,True,0.25,0.25
120.0,1,119.75,119.70736207446284,0.47783303180720704,118.75,120.5,1.75,True,-0.25,0.25
120.0,2,120.0,119.90458270202325,0.45322636938705674,119.25,120.75,1.5,True,0.0,0.0
120.0,3,120.0,120.09288314400604,0.44966498668553767,119.25,120.75,1.5,True,0.0,0.0
120.0,4,119.0,119.11716454354834,0.43614864435100037,118.25,119.75,1.5,False,-1.0,1.0
120.0,5,119.75,119.72857429224199,0.47959563425704377,118.75,120.5,1.75,True,-0.25,0.25
120.0,6,120.25,120.22934858458568,0.4299627642751898,119.5,121.0,1.5,True,0.25,0.25
120.0,7,120.25,120.2978046972298,0.4408204537216126,119.5,121.0,1.5,True,0.25,0.25
120.0,8,120.5,120.4070819478378,0.42544792196970044,119.75,121.25,1.5,True,0.5,0.5
120.0,9,120.25,120.15753033504538,0.42512519110731045,119.5,121.0,1.5,True,0.25,0.25
120.0,10,119.5,119.47765431597044,0.43487420784893893,118.75,120.25,1.5,True,-0.5,0.5
120.0,11,120.25,120.18415145376582,0.4300141413151128,119.5,121.0,1.5,True,0.25,0.25
120.0,12,119.75,119.6960785686977,0.44064490406283763,119.0,120.5,1.5,True,-0.25,0.25
120.0,13,121.25,121.2448359490833,0.4615555624540112,120.5,122.0,1.5,False,1.25,1.25
120.0,14,120.5,120.47893330940707,0.4370187388465286,119.75,121.25,1.5,True,0.5,0.5
120.0,15,120.5,120.44572191829846,0.4028914437224197,119.75,121.25,1.5,True,0.5,0.5
120.0,16,120.5,120.45809240537642,0.45801572875548247,119.75,121.25,1.5,True,0.5,0.5
120.0,17,119.5,119.58589626966366,0.4718370788174577,118.75,120.5,1.75,True,-0.5,0.5
120.0,18,119.75,119.84973866124697,0.446230758204772,119.0,120.5,1.5,True,-0.25,0.25
120.0,19,119.25,119.35757400637607,0.4154148580444131,118.5,120.0,1.5,True,-0.75,0.75
120.0,20,120.25,120.2906760383691,0.4516268995295644,119.5,121.0,1.5,True,0.25,0.25
120.0,21,119.25,119.24173566839181,0.4333854642350564,118.5,120.0,1.5,True,-0.75,0.75
120.0,22,119.0,118.87549371255906,0.41874663224809217,118.0,119.5,1.5,False,-1.0,1.0
120.0,23,120.0,120.06202295363079,0.4411319892663017,119.25,120.75,1.5,True,0.0,0.0
120.0,24,120.0,120.03095927132864,0.48751510068974024,119.25,121.0,1.75,True,0.0,0.0
120.0,25,119.75,119.71355215715587,0.42072223818907695,119.0,120.5,1.5,True,-0.25,0.25
120.0,26,120.25,120.27732952296188,0.46233905580703627,119.5,121.0,1.5,True,0.25,0.25
120.0,27,120.25,120.18533167240945,0.44937429076058116,119.5,121.0,1.5,True,0.25,0.25
120.0,28,120.25,120.29738121427631,0.4539318234064062,119.5,121.0,1.5,True,0.25,0.25
120.0,29,120.75,120.6958487795155,0.46157732330479234,120.0,121.5,1.5,True,0.75,0.75
120.0,30,120.75,120.64148928533695,0.44618616815517936,120.0,121.5,1.5,True,0.75,0.75
120.0,31,119.75,119.85930227671261,0.4151460663539743,119.0,120.5,1.5,True,-0.25,0.25
120.0,32,120.75,120.67697387706343,0.4282597754361,120.0,121.5,1.5,True,0.75,0.75
120.0,33,119.5,119.46012559063652,0.4648890084936439,118.75,120.25,1.5,True,-0.5,0.5
120.0,34,119.5,119.60063963314931,0.4097727428356223,118.75,120.25,1.5,True,-0.5,0.5
120.0,35,120.0,119.98389574733902,0.4506639747339172,119.25,120.75,1.5,True,0.0,0.0
120.0,36,119.5,119.4011041451229,0.4727403775880076,118.5,120.25,1.75,True,-0.5,0.5
120.0,37,119.5,119.57615674456184,0.4593059235215968,118.75,120.25,1.5,True,-0.5,0.5
120.0,38,121.25,121.18871263822592,0.44698146572081415,120.5,122.0,1.5,False,1.25,1.25
120.0,39,120.25,120.32258504897052,0.41779530236736767,119.5,121.0,1.5,True,0.25,0.25
120.0,40,120.75,120.63423270795954,0.43015133792193055,120.0,121.5,1.5,True,0.75,0.75
120.0,41,120.5,120.54467707092078,0.3832242237433313,120.0,121.25,1.25,True,0.5,0.5
120.0,42,119.25,119.37071500916457,0.43576806616896024,118.5,120.0,1.5,True,-0.75,0.75
120.0,43,119.75,119.8591414692019,0.43644619918558714,119.0,120.5,1.5,True,-0.25,0.25
120.0,44,120.0,119.9059085512419,0.46145978974076174,119.0,120.75,1.75,True,0.0,0.0
120.0,45,119.5,119.50290613093354,0.4823936481609444,118.75,120.5,1.75,True,-0.5,0.5
120.0,46,120.5,120.42945238987119,0.4567745333820703,119.75,121.25,1.5,True,0.5,0.5
120.0,47,120.0,120.0896114910984,0.4571611588803859,119.25,120.75,1.5,True,0.0,0.0
120.0,48,119.75,119.66908369289578,0.4283790904512558,119.0,120.5,1.5,True,-0.25,0.25
120.0,49,120.25,120.26724446984385,0.43448420470903665,119.5,121.0,1.5,True,0.25,0.25
120.0,50,120.0,119.96728074619642,0.4265856898222406,119.25,120.75,1.5,True,0.0,0.0
120.0,51,119.5,119.42070977013196,0.42294223727171265,118.75,120.25,1.5,True,-0.5,0.5
120.0,52,120.25,120.33051963441564,0.47366179908702305,119.5,121.25,1.75,True,0.25,0.25
120.0,53,120.0,120.04581166677765,0.4569473168566421,119.25,120.75,1.5,True,0.0,0.0
120.0,54,119.75,119.64904145559876,0.4731407015433836,118.75,120.5,1.75,True,-0.25,0.25
120.0,55,120.5,120.45249252360878,0.43537471751374596,119.75,121.25,1.5,True,0.5,0.5
120.0,56,119.5,119.41874602797549,0.4741294002409408,118.5,120.25,1.75,True,-0.5,0.5
120.0,57,119.75,119.72009936433219,0.45991464702484947,119.0,120.5,1.5,True,-0.25,0.25
120.0,58,120.25,120.12466806699453,0.4446906797983126,119.25,120.75,1.5,True,0.25,0.25
120.0,59,119.75,119.71936992919177,0.4093194894915047,119.0,120.5,1.5,True,-0.25,0.25
120.0,60,119.5,119.58074235103386,0.42723963052873865,118.75,120.25,1.5,True,-0.5,0.5
120.0,61,119.75,119.82792936827215,0.3955898174977516,119.25,120.5,1.25,True,-0.25,0.25
120.0,62,120.0,120.05614150515959,0.3949537838275127,119.5,120.75,1.25,True,0.0,0.0
120.0,63,120.0,119.92734516051179,0.45521911439270285,119.25,120.75,1.5,True,0.0,0.0
120.0,64,119.75,119.77444281628739,0.44704606969018534,119.0,120.5,1.5,True,-0.25,0.25
120.0,65,120.0,120.08328934673737,0.422800553737882,119.25,120.75,1.5,True,0.0,0.0
120.0,66,120.25,120.32152392739508,0.4100597904330986,119.5,121.0,1.5,True,0.25,0.25
120.0,67,119.5,119.376903970589,0.48241901499865386,118.5,120.25,1.75,True,-0.5,0.5
120.0,68,120.5,120.49616339871898,0.45946360528828933,119.75,121.25,1.5,True,0.5,0.5
120.0,69,120.5,120.39828311278936,0.4265313520527079,119.75,121.25,1.5,True,0.5,0.5
120.0,70,119.75,119.81178551472641,0.4305618897380077,119.0,120.5,1.5,True,-0.25,0.25
120.0,71,120.0,120.00080338922267,0.431365918989347,119.25,120.75,1.5,True,0.0,0.0
120.0,72,120.25,120.17904500509064,0.4310316901452098,119.5,121.0,1.5,True,0.25,0.25
120.0,73,119.25,119.34991654300197,0.4545405590560062,118.5,120.0,1.5,True,-0.75,0.75
120.0,74,120.75,120.74893665015793,0.4163409220014523,120.0,121.5,1.5,True,0.75,0.75
120.0,75,120.5,120.38318329035398,0.4230900571912431,119.75,121.25,1.5,True,0.5,0.5
120.0,76,120.25,120.3256059378273,0.4037067932823401,119.5,121.0,1.5,True,0.25,0.25
120.0,77,120.25,120.19062819975917,0.4624809045668735,119.5,121.0,1.5,True,0.25,0.25
120.0,78,120.25,120.23887848779567,0.45446420722197567,119.5,121.0,1.5,True,0.25,0.25
120.0,79,120.0,119.89577965521798,0.4431839744496047,119.25,120.75,1.5,True,0.0,0.0
120.0,80,119.75,119.66950745437353,0.4457770761194861,119.0,120.5,1.5,True,-0.25,0.25
120.0,81,119.5,119.55069629319037,0.4383781747617936,118.75,120.25,1.5,True,-0.5,0.5
120.0,82,119.25,119.34464171314573,0.4368135978689071,118.5,120.0,1.5,True,-0.75,0.75
120.0,83,119.75,119.8304047597066,0.40785163439170474,119.0,120.5,1.5,True,-0.25,0.25
120.0,84,119.5,119.48396392277087,0.4474626160222557,118.75,120.25,1.5,True,-0.5,0.5
120.0,85,120.5,120.42834755524966,0.42340740290164663,119.75,121.25,1.5,True,0.5,0.5
120.0,86,120.0,119.88905971311124,0.42672424141106335,119.25,120.75,1.5,True,0.0,0.0
120.0,87,120.25,120.200068734637,0.45704693095855176,119.5,121.0,1.5,True,0.25,0.25
120.0,88,119.75,119.75416676529386,0.4316760774148341,119.0,120.5,1.5,True,-0.25,0.25
120.0,89,120.75,120.83969718951013,0.4130110603842391,120.0,121.5,1.5,True,0.75,0.75
120.0,90,120.5,120.57333234434452,0.38276361209286,120.0,121.25,1.25,True,0.5,0.5
120.0,91,120.25,120.13742611391822,0.43919775877542044,119.5,121.0,1.5,True,0.25,0.25
120.0,92,119.75,119.75217735963453,0.4583903596896774,119.0,120.5,1.5,True,-0.25,0.25
120.0,93,120.0,119.89284113190507,0.45618998726528986,119.25,120.75,1.5,True,0.0,0.0
120.0,94,119.25,119.29572659563979,0.43208312859843195,118.5,120.0,1.5,True,-0.75,0.75
120.0,95,120.5,120.43707317533011,0.43844144358101267,119.75,121.25,1.5,True,0.5,0.5
120.0,96,118.25,118.36612667586523,0.4292352267284746,117.5,119.0,1.5,False,-1.75,1.75
120.0,97,119.5,119.48731805650483,0.47194785709166653,118.5,120.25,1.75,True,-0.5,0.5
120.0,98,120.5,120.45300465367359,0.432148393291851,119.75,121.25,1.5,True,0.5,0.5
120.0,99,119.75,119.77864602598953,0.4135420847650006,119.0,120.5,1.5,True,-0.25,0.25
